<?xml version="1.0" encoding="UTF-8"?>
<window>
	<defaultcontrol always="true">3</defaultcontrol>
	<include>OpenClose_Right</include>
	<depth>DepthOSD</depth>
	<controls>
		<include condition="![Window.IsActive(gamesaves) | Window.IsActive(gamestretchmode) | Window.IsActive(gamevideofilter) | Window.IsActive(gamevideorotation) | Window.IsActive(ingamesaves)]">DefaultDialogSelectLayout</include>
		<include condition="Window.IsActive(gamesaves)">GameDialogSelectSaveLayout</include>
		<include condition="Window.IsActive(gamevideofilter)">GameDialogSelectFilterLayout</include>
		<include condition="Window.IsActive(gamestretchmode)">GameDialogSelectViewLayout</include>
		<include condition="Window.IsActive(gamevideorotation)">GameDialogSelectViewLayout</include>
		<include condition="Window.IsActive(ingamesaves)">GameDialogSelectSaveInGameLayout</include>
	</controls>
</window>
