<?xml version="1.0" encoding="UTF-8"?>
<window>
  <visible>
    [Window.IsActive(fullscreenvideo) | Window.IsActive(visualisation)] + 
    ![Window.IsActive(sliderdialog) | Window.IsActive(pvrosdchannels) | Window.IsActive(pvrchannelguide) | Window.IsActive(pvrguideinfo) | Window.IsActive(1110)] + 
    [
      Player.Seeking | 
      Player.Forwarding | 
      Player.Rewinding | 
      Player.HasPerformedSeek(2) |
      [
        [Player.DisplayAfterSeek + String.IsEqual(Skin.String(HideOSD),Always)] | 
        [Player.Paused + !Skin.HasSetting(Disable.PauseOSD)] | 
        [Player.DisplayAfterSeek + !System.IdleTime(3)] | 
        [Player.Paused + !System.IdleTime(3) + !Skin.HasSetting(Disable.PauseOSD)]
      ]
    ] + 
    !Window.IsVisible(VideoOSD) + 
    !Window.IsVisible(subtitlesearch) + 
    !Window.IsVisible(MusicOSD)
  </visible>
  <controls>
    <include content="OSDBackground"/>
    <control type="group">
      <top>860</top>
      <include>Seekbar</include>
    </control>
  </controls>
</window>