<?xml version="1.0" encoding="UTF-8"?>
<window>
  <defaultcontrol always="true">20000</defaultcontrol>
  <!-- <onload>ClearProperty(SpotlightWidget,Home)</onload> -->
  <controls>
    <control type="button" id="6">
      <texturefocus/>
      <texturenofocus/>
    </control>
    <control type="button" id="8">
      <!-- <visible>[$EXP[isMovie] | $EXP[isEpisode]]</visible> -->
      <texturefocus/>
      <texturenofocus/>
    </control>
    <control type="button" id="10">
      <texturefocus/>
      <texturenofocus/>
    </control>
    <control type="button" id="11">
      <visible>!String.IsEmpty(ListItem.Trailer)</visible>
      <texturefocus/>
      <texturenofocus/>
    </control>
    <control type="image">
      <include>FullScreenDimensions</include>
      <aspectratio>stretch</aspectratio>
      <fadetime>500</fadetime>
      <animation effect="fade" time="400">VisibleChange</animation>
      <texture background="true" colordiffuse="FF333333">$INFO[ListItem.Art(fanart)]</texture>
      <visible>String.IsEqual(Skin.String(BackgroundSetting),1)</visible>
    </control>
    <control type="group">
      <animation type="WindowOpen">
        <effect type="fade" start="0" end="100" time="400" tween="sine" easing="inout" />
      </animation>
      <animation type="WindowClose">
        <effect type="fade" start="100" end="0" time="400" tween="sine" easing="inout" />
      </animation>
      <animation effect="fade" start="100" end="0" time="200" condition="Window.IsActive(DialogSelect.xml) | Window.IsActive(FileBrowser.xml)">Conditional</animation>
      <include content="MenuContentPanel">
        <param name="width" value="310"/>
        <param name="dividerleft" value="310"/>
      </include>
      <control type="group">
        <control type="list" id="20000">
          <include content="CenterList72">
            <param name="id" value="20000" />
          </include>
          <left>0</left>
          <width>310</width>
          <onleft>back</onleft>
          <onright condition="String.IsEqual(Container(20000).ListItem.Property(id),cast)">SetFocus(50,0)</onright>
          <onright condition="String.IsEqual(Container(20000).ListItem.Property(id),moreinfo)">SetFocus(53,0)</onright>
          <include content="List">
            <param name="id" value="20000" />
          </include>
          <content>
            <item>
              <visible>Control.IsVisible(8)</visible>
              <label>$VAR[VideoInfoPlayButtonLabelVar]</label>
              <onclick>SendClick(8)</onclick>
            </item>
            <item>
              <visible>Control.IsVisible(11)</visible>
              <label>20410</label>
              <onclick>RunScript(script.altus.helper, mode=play_trailer)</onclick>
              <onclick>Dialog.Close(all)</onclick>
              <visible>!String.IsEmpty(Skin.String(valid_api_key)) + !String.IsEqual(Window(Home).Property(CurrentDBType),season) + !String.IsEqual(Window(Home).Property(CurrentDBType),episode)</visible>
            </item>
            <item>
              <label>206</label>
              <property name="id">cast</property>
            </item>
            <item>
              <label>Info</label>
              <property name="id">moreinfo</property>
            </item>
            <item>
              <label>Art</label>
              <!-- <label>31001</label> -->
              <onclick>SendClick(10)</onclick>
            </item>
            <item>
              <label>184</label>
              <onclick>SendClick(6)</onclick>
            </item>
          </content>
        </control>
        <control type="image">
          <animation effect="fade" start="0" end="100" time="300" delay="300">Visible</animation>
          <animation effect="fade" start="100" end="0" time="300">Hidden</animation>
          <width>520</width>
          <height>780</height>
          <top>160</top>
          <bottom>0</bottom>
          <right>60</right>
          <!-- <aspectratio scalediffuse="false">scale</aspectratio> -->
          <texture>$VAR[FlixPosterVar]</texture>
          <bordersize>border_size</bordersize>
          <bordertexture colordiffuse="FF5B5B5B" border="border_size" infill="false">masks/bordertexture.png</bordertexture>
          <visible>!String.IsEqual(Container(20000).ListItem.Property(id),cast)</visible>
        </control>
        <control type="group">
          <visible>String.IsEmpty(Container(20000).ListItem.Property(id))</visible>
          <animation effect="fade" start="0" end="100" time="300" delay="300">Visible</animation>
          <animation effect="fade" start="100" end="0" time="300">Hidden</animation>
          <top>160</top>
          <left>345</left>
          <bottom>160</bottom>
          <right>625</right>
          <control type="grouplist">
            <left>12.5</left>
            <!-- <width>815</width> -->
            <top>-30</top>
            <bottom>0</bottom>
            <orientation>vertical</orientation>
            <align>center</align>
            <itemgap>7</itemgap>
            <control type="image">
              <!-- <width>780</width> -->
              <height>175</height>
              <texture background="true" aligny="bottom">$VAR[ClearlogoVar]</texture>
              <aspectratio align="center">keep</aspectratio>
              <visible>[!String.IsEmpty(ListItem.Art(clearlogo)) + Skin.HasSetting(Enable.Clearlogo)] + [$EXP[isMovie] | $EXP[isTVShow] | $EXP[isSeason] | $EXP[isEpisode] | Container.Content(addons)]</visible>
            </control>
            <control type="textbox">
              <top>0</top>
              <left>0</left>
              <right>0</right>
              <height>auto</height>
              <font>font_MainMenu</font>
              <textcolor>unfocused_text</textcolor>
              <align>center</align>
              <aligny>center</aligny>
              <label>[B]$VAR[DialogInfoTitle][/B]</label>
              <visible>[String.IsEmpty(ListItem.Art(clearlogo)) | !Skin.HasSetting(Enable.Clearlogo)] + [$EXP[isMovie] | $EXP[isTVShow] | $EXP[isSeason] | $EXP[isEpisode]</visible>
            </control>
            <control type="textbox">
              <visible>!String.IsEmpty(ListItem.TagLine)</visible>
              <height max="180">auto</height>
              <font>font27</font>
              <textcolor>unfocused_text</textcolor>
              <align>center</align>
              <aligny>center</aligny>
              <label>$INFO[ListItem.TagLine]</label>
            </control>
            <control type="label">
              <visible>!String.IsEmpty(ListItem.Genre)</visible>
              <height>50</height>
              <font>Font30</font>
              <textcolor>unfocused_text</textcolor>
              <align>center</align>
              <aligny>center</aligny>
              <label>[I]$INFO[ListItem.Genre][/I]</label>
            </control>
            <include condition="!String.IsEmpty(Skin.String(valid_api_key))" content="HorizontalRatings">
              <param name="align" value="center"/>
            </include>
            <control type="textbox">
              <visible>!String.IsEmpty(ListItem.Plot)</visible>
              <height max="370">auto</height>
              <font>font27</font>
              <textcolor>unfocused_text</textcolor>
              <align>center</align>
              <label>$INFO[ListItem.Plot]</label>
              <autoscroll delay="10000" time="4700" repeat="10000">$PARAM[focused]</autoscroll>
            </control>
          </control>
        </control>
        <control type="group">
          <visible>String.IsEqual(Container(20000).ListItem.Property(id),cast)</visible>
          <animation effect="fade" start="0" end="100" time="300" delay="300">Visible</animation>
          <animation effect="fade" start="100" end="0" time="300">Hidden</animation>
          <left>620</left>
          <width>1160</width>
          <control type="image">
            <width>520</width>
            <height>780</height>
            <top>160</top>
            <bottom>160</bottom>
            <right>-20</right>
            <!-- <aspectratio scalediffuse="false">scale</aspectratio> -->
            <texture>$INFO[Container(50).ListItem.Art(thumb)]</texture>
            <bordersize>border_size</bordersize>
            <fadetime>600</fadetime>
            <bordertexture colordiffuse="FF5B5B5B" border="border_size" infill="false">masks/bordertexture.png</bordertexture>
          </control>
          <control type="image">
            <visible>Container(50).IsUpdating</visible>
            <animation effect="fade" start="0" end="100" time="100" delay="2000" reversible="false">Visible</animation>
            <width>120</width>
            <aspectratio>keep</aspectratio>
            <texture>special://skin/resources/loading.gif</texture>
          </control>
          <control type="list" id="50">
            <onright condition="System.AddonIsEnabled(script.embuary.info) + Control.HasFocus(50) + !$EXP[isSet]">RunScript(script.embuary.info,call=person,query='$ESCINFO[Container(50).ListItem.Label]')</onright>
            <onright condition="System.HasAddon(script.embuary.info) + !System.AddonIsEnabled(script.embuary.info) + !$EXP[isSet]">EnableAddon(script.embuary.info)</onright>
            <onright condition="!System.HasAddon(script.embuary.info) + !$EXP[isSet]">InstallAddon(script.embuary.info)</onright>
            <animation effect="fade" start="0" end="100" time="400">VisibleChange</animation>
            <include content="CenterList104">
              <param name="id" value="50" />
            </include>
            <top>67</top>
            <height>940</height>
            <!-- <height>850</height> -->
            <onleft>20000</onleft>
            <include content="CastItem">
              <param name="id" value="50" />
              <param name="MainLabel" value="$INFO[ListItem.Label]" />
              <param name="SubLabel" value="$INFO[ListItem.Label2]" />
            </include>
          </control>
          <include content="UpDownArrows">
            <param name="container_id" value="50" />
            <param name="posx" value="222" />
            <param name="up_posy" value="30" />
            <param name="down_posy" value="1000" />
          </include>
        </control>
        <control type="group">
          <visible>String.IsEqual(Container(20000).ListItem.Property(id),moreinfo)</visible>
          <animation effect="fade" start="0" end="100" time="300" delay="300">Visible</animation>
          <animation effect="fade" start="100" end="0" time="300">Hidden</animation>
          <left>620</left>
          <width>1160</width>
          <control type="image">
            <visible>Container(53).IsUpdating</visible>
            <animation effect="fade" start="0" end="100" time="100" delay="2000" reversible="false">Visible</animation>
            <width>120</width>
            <aspectratio>keep</aspectratio>
            <texture>special://skin/resources/loading.gif</texture>
          </control>
          <control type="list" id="53">
            <animation effect="fade" start="0" end="100" time="400">VisibleChange</animation>
            <include content="CenterList104">
              <param name="id" value="53" />
            </include>
            <top>67</top>
            <height>940</height>
            <onleft>20000</onleft>
            <itemlayout width="540" height="104">
              <include content="ListItemTwoLine">
                <param name="id" value="53" />
                <param name="MainLabel" value="$INFO[ListItem.Label]" />
                <param name="SubLabel" value="$INFO[ListItem.Label2]" />
              </include>
            </itemlayout>
            <focusedlayout width="540" height="104">
              <include content="ListItemTwoLine">
                <param name="id" value="53" />
                <param name="focused" value="true" />
                <param name="MainLabel" value="$INFO[ListItem.Label]" />
                <param name="SubLabel" value="$INFO[ListItem.Label2]" />
              </include>
            </focusedlayout>
            <content>
              <item>
                <label>$LOCALIZE[20339]</label>
                <label2>$INFO[ListItem.Director]</label2>
                <onclick condition="System.HasAddon(script.embuary.info) + !System.AddonIsEnabled(script.embuary.info) + !$EXP[isSet]">EnableAddon(script.embuary.info)</onclick>
                <onclick condition="!System.HasAddon(script.embuary.info) + !$EXP[isSet]">InstallAddon(script.embuary.info)</onclick>
                <onclick condition="System.AddonIsEnabled(script.embuary.info)">RunScript(script.embuary.info,call=person,query='$ESCINFO[ListItem.Director]')</onclick>
                <visible>!String.IsEmpty(ListItem.Director)</visible>
              </item>
              <item>
                <label>$LOCALIZE[20417]</label>
                <label2>$INFO[ListItem.Writer]</label2>
                <onclick condition="System.HasAddon(script.embuary.info) + !System.AddonIsEnabled(script.embuary.info) + !$EXP[isSet]">EnableAddon(script.embuary.info)</onclick>
                <onclick condition="!System.HasAddon(script.embuary.info) + !$EXP[isSet]">InstallAddon(script.embuary.info)</onclick>
                <onclick condition="System.AddonIsEnabled(script.embuary.info)">RunScript(script.embuary.info,call=person,query='$ESCINFO[ListItem.Writer]')</onclick>
                <visible>!String.IsEmpty(ListItem.Writer)</visible>
              </item>
              <item>
                <label>$VAR[FirstAiredLabel]</label>
                <label2>$INFO[ListItem.Premiered]</label2>
                <visible>!String.IsEmpty(ListItem.Premiered)</visible>
              </item>
              <item>
                <label>$LOCALIZE[563]</label>
                <label2>$INFO[ListItem.RatingAndVotes]</label2>
                <visible>!String.IsEmpty(ListItem.RatingAndVotes)</visible>
              </item>
              <item>
                <label>$LOCALIZE[515]</label>
                <label2>$INFO[ListItem.Genre]</label2>
                <visible>!String.IsEmpty(ListItem.Genre)</visible>
              </item>
              <item>
                <label>$LOCALIZE[31017]</label>
                <label2>$INFO[ListItem.Mpaa]</label2>
                <visible>!String.IsEmpty(ListItem.Mpaa)</visible>
              </item>
              <item>
                <label>$LOCALIZE[29909]</label>
                <label2>$INFO[ListItem.Studio]</label2>
                <visible>!String.IsEmpty(ListItem.Studio)</visible>
              </item>
              <item>
                <label>$LOCALIZE[31048]</label>
                <label2>$VAR[I_Available]</label2>
                <visible>$EXP[isTVShow]</visible>
              </item>
              <item>
                <label>$LOCALIZE[20457]</label>
                <label2>$INFO[ListItem.Set]</label2>
                <visible>!String.IsEmpty(ListItem.Set)</visible>
              </item>
              <item>
                <label>$LOCALIZE[20459]</label>
                <label2>$INFO[ListItem.Tag]</label2>
                <visible>!String.IsEmpty(ListItem.Tag)</visible>
              </item>
              <item>
                <label>$LOCALIZE[126]</label>
                <label2>$INFO[ListItem.Status]</label2>
                <visible>!String.IsEmpty(ListItem.Status)</visible>
              </item>
              <item>
                <label>$LOCALIZE[21875]</label>
                <label2>$INFO[ListItem.Country]</label2>
                <visible>!String.IsEmpty(ListItem.Country)</visible>
              </item>
              <item>
                <label>$LOCALIZE[570]</label>
                <label2>$INFO[ListItem.DateAdded]</label2>
                <visible>!String.IsEmpty(ListItem.DateAdded) + [$EXP[isEpisode] | $EXP[isMovie] | String.IsEqual(ListItem.DBType,musicvideo) | $EXP[isVideo]]</visible>
              </item>
              <item>
                <label>$LOCALIZE[576]</label>
                <label2>$INFO[ListItem.PlayCount]</label2>
                <visible>!String.IsEmpty(ListItem.PlayCount)</visible>
              </item>
              <item>
                <label>$LOCALIZE[564]</label>
                <label2>$INFO[ListItem.DBType]</label2>
                <visible>!$EXP[noDBType]</visible>
              </item>
            </content>
          </control>
          <include content="UpDownArrows">
            <param name="container_id" value="53" />
            <param name="posx" value="222" />
            <param name="up_posy" value="30" />
            <param name="down_posy" value="1000" />
          </include>
        </control>
      </control>
    </control>
  </controls>
</window>