<?xml version="1.0" encoding="UTF-8"?>
<window>
	<defaultcontrol>5</defaultcontrol>
	<include>Animation_DialogPopupOpenClose</include>
	<controls>
		<control type="group">
			<top>50</top>
			<centerleft>50%</centerleft>
			<width>1820</width>
			<include>Animation_DialogPopupVisible</include>
			<include content="DialogBackgroundCommons">
				<param name="width" value="1820" />
				<param name="height" value="980" />
				<param name="divider_left" value="1530" />
				<param name="header_label" value="" />
				<param name="header_id" value="2" />
			</include>
			<control type="image">
				<left>374</left>
				<top>0</top>
				<width>1</width>
				<bottom>50</bottom>
				<texture colordiffuse="$VAR[FocusColorTheme]">masks/mainmenupanel_divider.png</texture>
			</control>
			<control type="image">
				<left>1820</left>
				<top>0</top>
				<width>1</width>
				<bottom>50</bottom>
				<texture colordiffuse="$VAR[FocusColorTheme]">masks/mainmenupanel_divider.png</texture>
			</control>
			<control type="image">
				<left>0</left>
				<top>105</top>
				<width>374</width>
				<bottom>50</bottom>
				<texture colordiffuse="4D000000">colors/dark.png</texture>
			</control>
			<control type="grouplist" id="3">
				<description>Categories Area</description>
				<left>0</left>
				<top>105</top>
				<width>374</width>
				<height>787.5</height>
				<itemgap>0</itemgap>
				<orientation>vertical</orientation>
				<onleft>9000</onleft>
				<onright>5</onright>
				<onup>20</onup>
				<ondown>20</ondown>
			</control>
			<control type="button" id="10">
				<description>Default Category Button</description>
				<height>87.5</height>
				<width>374</width>
				<textoffsetx>20</textoffsetx>
				<textcolor>unfocused_text</textcolor>
				<focusedcolor>$VAR[FocusedTextColorVar]</focusedcolor>
				<align>center</align>
				<aligny>center</aligny>
				<font>font27_title</font>
				<texturefocus colordiffuse="$VAR[FocusColorTheme]">colors/grey.png</texturefocus>
				<texturenofocus/>
			</control>
			<control type="grouplist" id="5">
				<description>control area</description>
				<left>374</left>
				<top>105</top>
				<!-- 1060 -->
				<width>1156</width>
				<height>720</height>
				<pagecontrol>60</pagecontrol>
				<onleft>3</onleft>
				<onright>60</onright>
				<onup>5</onup>
				<ondown>5</ondown>
			</control>
			<control type="textbox" id="6">
				<description>description area</description>
				<left>414</left>
				<top>825</top>
				<width>1076</width>
				<height>70</height>
				<font>font12</font>
				<align>justify</align>
				<textcolor>$VAR[FocusColorTheme]</textcolor>
				<autoscroll time="3000" delay="5000" repeat="5000">true</autoscroll>
			</control>
			<control type="button" id="7">
				<description>Default Button</description>
				<include>DefaultAddonSettingsButton</include>
			</control>
			<control type="radiobutton" id="8">
				<description>Default RadioButton</description>
				<include>DefaultAddonSettingsButton</include>
				<textwidth>880</textwidth>
			</control>
			<control type="spincontrolex" id="9">
				<description>Default SpinControlex</description>
				<include>DefaultAddonSettingsButton</include>
			</control>
			<control type="image" id="11">
				<description>separator image</description>
				<height>3</height>
				<texture colordiffuse="$VAR[FocusColorTheme]" border="3">dialogs/separator-grey.png</texture>
			</control>
			<control type="edit" id="12">
				<include>DefaultAddonSettingsButton</include>
			</control>
			<control type="sliderex" id="13">
				<description>Default Slider</description>
				<include>DefaultAddonSettingsButton</include>
				<textwidth>700</textwidth>
			</control>
			<control type="label" id="14">
				<description>Default Label</description>
				<include>DefaultSettingLabel</include>
			</control>
			<control type="colorbutton" id="15">
				<description>Default ColorButton</description>
				<include>DefaultAddonSettingsButton</include>
			</control>
			<control type="grouplist" id="9000">
				<!-- <animation condition="ControlGroup(5).HasFocus | Control.HasFocus(60)">
					<effect type="fade" start="100" end="0" time="300" tween="cubic" easing="in"/>
					<effect type="slide" start="0,0" end="200,0" time="300" tween="cubic" easing="in" />
				</animation> -->
				<left>1570</left>
				<top>105</top>
				<orientation>vertical</orientation>
				<width>300</width>
				<height>300</height>
				<itemgap>dialogbuttons_itemgap</itemgap>
				<onleft>5</onleft>
				<onright>3</onright>
				<include content="DefaultDialogButton">
					<param name="id" value="28" />
					<param name="label" value="" />
				</include>
				<include content="DefaultDialogButton">
					<param name="id" value="29" />
					<param name="label" value="" />
				</include>
				<include content="DefaultDialogButton">
					<param name="id" value="30" />
					<param name="label" value="" />
				</include>
			</control>
			<control type="radiobutton" id="20">
				<!-- <animation condition="ControlGroup(5).HasFocus | Control.HasFocus(60)">
					<effect type="fade" start="100" end="0" time="300" tween="cubic" easing="in"/>
					<effect type="slide" start="0,0" end="-200,0" time="300" tween="cubic" easing="in" />
				</animation> -->
				<left>0</left>
				<!-- 825 -->
				<top>892.5</top>
				<width>374</width>
				<height>87.5</height>
				<font>font27_title</font>
				<!-- <aligny>left</aligny> -->
				<align>center</align>
				<onclick>SettingsLevelChange</onclick>
				<textoffsetx>0</textoffsetx>
				<textoffsety>17</textoffsety>
				<textcolor>unfocused_text</textcolor>
				<focusedcolor>$VAR[FocusedTextColorVar]</focusedcolor>
				<texturefocus colordiffuse="$VAR[FocusColorTheme]">colors/grey.png</texturefocus>
				<texturenofocus/>
				<radioposx>40</radioposx>
				<radioposy>0</radioposy>
				<radiowidth>40</radiowidth>
				<radioheight>40</radioheight>
				<onleft>9000</onleft>
				<onright>5</onright>
				<onup>3</onup>
				<ondown>3</ondown>
				<textureradioonfocus/>
				<textureradioonnofocus/>
				<textureradioofffocus/>
				<textureradiooffnofocus/>
			</control>
			<control type="scrollbar" id="60">
				<!-- <animation condition="ControlGroup(5).HasFocus">
					<effect type="fade" start="100" end="0" time="300" tween="cubic" easing="in"/>
					<effect type="slide" start="0,0" end="200,0" time="300" tween="cubic" easing="in" />
				</animation> -->
				<left>1526</left>
				<top>0</top>
				<width>8</width>
				<bottom>50</bottom>
				<orientation>vertical</orientation>
				<onleft>5</onleft>
				<onright>9000</onright>
				<animation effect="fade" start="0" end="100" delay="300" time="320">WindowOpen</animation>
				<animation effect="fade" start="100" end="0" time="150">WindowClose</animation>
			</control>
		</control>
	</controls>
</window>
