<?xml version="1.0" encoding="UTF-8"?>
<window>
	<!-- <zorder>3</zorder> -->
	<controls>
    <control type="label" id="402">
      <top>-100</top>
      <height>34</height>
      <textcolor>00ffffff</textcolor>
      <font>Font24</font>
      <align>top</align>
    </control>
    <control type="group">
      <visible>!String.IsEmpty(Window(home).Property(LanguageNotification))</visible>
      <control type="label">
        <top>909</top>
        <right>90</right>
        <width>816</width>
        <height>34</height>
        <textcolor>osd_light</textcolor>
        <font>PlayerTime</font>
        <align>center</align>
        <label>$INFO[Control.GetLabel(402)]</label>
      </control>
    </control>
    <control type="group">
      <include>OpenClose_Right</include>
      <include>Visible_Fade</include>
      <visible>String.IsEmpty(Window(home).Property(LanguageNotification))</visible>
      <top>80</top>
      <right>30</right>
      <height>100</height>
      <width>650</width>
      <control type="image">
        <aspectratio>scale</aspectratio>
        <bordersize>1</bordersize>
        <texture colordiffuse="$VAR[DialogBackgroundDiffuse]">$VAR[DialogBackgroundTexture]</texture>
        <bordertexture border="1" colordiffuse="$VAR[FocusColorTheme]" infill="false">masks/bordertexture1.png</bordertexture>
      </control>
      <control type="image" id="400">
				<description>avatar</description>
				<left>1</left>
				<top>1</top>
				<width>98</width>
				<height>98</height>
				<aspectratio aligny="center" align="center">stretch</aspectratio>
        <texture />
			</control>
      <control type="fadelabel" id="401">
        <top>1</top>
        <left>113</left>
        <right>25</right>
        <height>34</height>
        <textcolor>$VAR[FocusColorTheme]</textcolor>
        <font>notification_header</font>
        <align>top</align>
        <scrollout>false</scrollout>
				<pauseatend>2000</pauseatend>
      </control>
      <control type="fadelabel" id="402">
        <bottom>25</bottom>
        <left>113</left>
        <right>25</right>
        <height>34</height>
        <textcolor>unfocused_text</textcolor>
        <font>notification_footer</font>
        <align>top</align>
        <label>$INFO[Control.GetLabel(402)]</label>
        <scrollout>false</scrollout>
				<pauseatend>2000</pauseatend>
      </control>
    </control>
  </controls>
</window>