<?xml version="1.0" encoding="UTF-8"?>
<window>
	<defaultcontrol always="true">450</defaultcontrol>
	<include>OpenClose_Right</include>
	<controls>
		<control type="group">
			<top>0</top>
			<right>0</right>
			<height>100%</height>
			<width>1220</width>
			<include content="DialogBackgroundCommons">
				<param name="header_label" value="" />
				<param name="header_id" value="411" />
			</include>
			<control type="grouplist" id="9000">
				<!-- <animation condition="Control.HasFocus(450) | Control.HasFocus(451) | Control.HasFocus(60)">
					<effect type="fade" start="100" end="0" time="300" tween="cubic" easing="in"/>
					<effect type="slide" start="0,0" end="200,0" time="300" tween="cubic" easing="in" />
				</animation> -->
				<left>970</left>
				<top>105</top>
				<width>400</width>
				<height>400</height>
				<itemgap>dialogbuttons_itemgap</itemgap>
				<orientation>vertical</orientation>
				<onleft>60</onleft>
				<onright>450</onright>
				<onup>9000</onup>
				<ondown>9000</ondown>
				<include content="DefaultDialogButton">
					<param name="id" value="413" />
					<param name="label" value="$LOCALIZE[186]" />
				</include>
				<include content="DefaultDialogButton">
					<param name="id" value="414" />
					<param name="label" value="$LOCALIZE[222]" />
				</include>
				<include content="DefaultDialogButton">
					<param name="id" value="415" />
					<param name="label" value="$LOCALIZE[119]" />
					<param name="visible" value="Control.IsEnabled(415)" />
				</include>
				<include content="DefaultDialogButton">
					<param name="id" value="416" />
					<param name="label" value="$LOCALIZE[749]" />
					<param name="visible" value="Control.IsEnabled(416)" />
				</include>
			</control>
			<control type="image">
				<!-- <animation condition="![Control.HasFocus(450) | Control.HasFocus(451) | Control.HasFocus(60)]">
					<effect type="fade" start="100" end="0" time="300" tween="cubic" easing="in"/>
					<effect type="slide" start="0,0" end="200,0" time="300" tween="cubic" easing="in" />
				</animation> -->
				<left>-650</left>
				<centertop>50%</centertop>
				<width>600</width>
				<height>877</height>
				<fadetime>200</fadetime>
				<aspectratio aligny="center">keep</aspectratio>
				<bordersize>4</bordersize>
				<texture border="4" background="true">$INFO[ListItem.Icon]</texture>
				<visible>Control.IsVisible(451)</visible>
			</control>
			<control type="panel" id="450">
				<left>0</left>
				<top>105</top>
				<width>930</width>
				<bottom>75</bottom>
				<onleft>9000</onleft>
				<onright>60</onright>
				<onup>450</onup>
				<ondown>450</ondown>
				<pagecontrol>60</pagecontrol>
				<scrolltime>200</scrolltime>
				<itemlayout height="75" width="940">
					<control type="image">
						<left>30</left>
						<top>10</top>
						<width>50</width>
						<height>50</height>
						<texture>$INFO[ListItem.Icon]</texture>
						<aspectratio>keep</aspectratio>
					</control>
					<control type="label">
						<left>100</left>
						<right>40</right>
						<height>70</height>
						<aligny>center</aligny>
						<selectedcolor>green</selectedcolor>
						<label>$INFO[ListItem.Label]</label>
						<font>font32</font>
						<textcolor>unfocused_text</textcolor>
					</control>
				</itemlayout>
				<focusedlayout height="75" width="940">
					<control type="image">
						<left>0</left>
						<height>71</height>
						<visible>Control.HasFocus(450)</visible>
						<texture colordiffuse="$VAR[FocusColorTheme]">colors/grey.png</texture>
					</control>
					<control type="image">
						<left>30</left>
						<top>10</top>
						<width>50</width>
						<height>50</height>
						<texture colordiffuse="$VAR[FocusedTextColorVar]">$INFO[ListItem.Icon]</texture>
						<aspectratio>keep</aspectratio>
					</control>
					<control type="label">
						<left>100</left>
						<right>40</right>
						<height>70</height>
						<aligny>center</aligny>
						<selectedcolor>green</selectedcolor>
						<label>$INFO[ListItem.Label]</label>
						<font>font32</font>
						<textcolor>$VAR[FocusedTextColorVar]</textcolor>
					</control>
				</focusedlayout>
			</control>
			<control type="panel" id="451">
				<left>0</left>
				<top>105</top>
				<width>930</width>
				<bottom>75</bottom>
				<onleft>9000</onleft>
				<onright>60</onright>
				<onup>451</onup>
				<ondown>451</ondown>
				<pagecontrol>60</pagecontrol>
				<scrolltime>200</scrolltime>
				<itemlayout height="75" width="940">
					<control type="image">
						<left>30</left>
						<top>10</top>
						<width>50</width>
						<height>50</height>
						<texture colordiffuse="unfocused_text">$INFO[ListItem.Icon]</texture>
						<aspectratio>keep</aspectratio>
					</control>
					<control type="label">
						<left>100</left>
						<right>40</right>
						<height>70</height>
						<aligny>center</aligny>
						<selectedcolor>green</selectedcolor>
						<label>$INFO[ListItem.Label]</label>
						<font>font32</font>
						<textcolor>unfocused_text</textcolor>
					</control>
				</itemlayout>
				<focusedlayout height="75" width="940">
					<control type="image">
						<left>0</left>
						<height>71</height>
						<visible>Control.HasFocus(451)</visible>
						<texture colordiffuse="$VAR[FocusColorTheme]">colors/grey.png</texture>
					</control>
					<control type="image">
						<left>30</left>
						<top>10</top>
						<width>50</width>
						<height>50</height>
						<texture colordiffuse="$VAR[FocusedTextColorVar]">$INFO[ListItem.Icon]</texture>
						<aspectratio>keep</aspectratio>
					</control>
					<control type="label">
						<left>100</left>
						<right>40</right>
						<height>70</height>
						<aligny>center</aligny>
						<selectedcolor>green</selectedcolor>
						<label>$INFO[ListItem.Label]</label>
						<font>font32</font>
						<textcolor>$VAR[FocusedTextColorVar]</textcolor>
					</control>
				</focusedlayout>
			</control>
			<control type="scrollbar" id="60">
				<left>926</left>
				<top>0</top>
				<width>8</width>
				<bottom>0</bottom>
				<onleft>451</onleft>
				<onright>9000</onright>
				<orientation>vertical</orientation>
			</control>
			<control type="label" id="412">
				<description>Path label</description>
				<left>40</left>
				<bottom>33</bottom>
				<width>860</width>
				<height>30</height>
				<haspath>true</haspath>
				<font>font12</font>
				<aligny>bottom</aligny>
				<textcolor>grey</textcolor>
			</control>
			<control type="label">
				<left>990</left>
				<bottom>30</bottom>
				<width>275</width>
				<height>35</height>
				<font>font13</font>
				<align>left</align>
				<font>font13</font>
				<label>$VAR[FileBrowserSelectLabel]</label>
				<textcolor>$VAR[FocusColorTheme]</textcolor>
			</control>
		</control>
		<include content="UpDownArrows">
			<param name="container_id" value="450" />
			<param name="posx" value="830" />
			<param name="up_posy" value="50" />
			<param name="down_posy" value="980" />
			<param name="visible" value="!System.HasActiveModalDialog" />
		</include>
	</controls>
</window>
