<?xml version="1.0" encoding="UTF-8"?>
<includes>
	<include name="FlixPanel">
		<definition>
			<control type="group">
				<left>77</left>
				<right>77</right>
				<top>-70</top>
				<control type="grouplist">
					<top>960</top>
					<orientation>vertical</orientation>
					<align>right</align>
					<itemgap>0</itemgap>
					<include condition="!String.IsEmpty(Skin.String(valid_api_key))" content="HorizontalRatings">
						<param name="align" value="center"/>
					</include>
					<control type="label">
						<align>center</align>
						<height>35</height>
						<label>$VAR[VideoInfoPanelTop]</label>
						<font>font27</font>
						<textcolor>$VAR[FocusColorTheme]</textcolor>
						<scroll>true</scroll>
						<scrollspeed>150</scrollspeed>
					</control>
					<control type="textbox">
						<height max="87">auto</height>
						<bottom>70</bottom>
						<label>$VAR[RI_Plot]</label>
						<font>font27</font>
						<textcolor>unfocused_text</textcolor>
						<align>center</align>
						<autoscroll delay="10000" time="5000" repeat="10000">Skin.HasSetting(autoscroll)</autoscroll>
						<visible>!String.IsEqual(Container.PluginName,plugin.program.openwizard) + [String.IsEqual(Container.Viewmode,$LOCALIZE[311022]) | String.IsEqual(Container.Viewmode,$LOCALIZE[311023])]</visible>
					</control>
				</control>
			</control>
			<!-- <control type="image">
				<left>1550</left>
				<top>70</top>
				
				<height>174</height>
				<texture>$INFO[$PARAM[infolabel_prefix]ListItem.Studio,resource://resource.images.studios.coloured/,.png]</texture>
				<aspectratio align="left" aligny="center">keep</aspectratio>
				<visible>!Control.IsVisible(50) + !String.IsEmpty($PARAM[infolabel_prefix]ListItem.Studio)</visible>
			</control> -->
		</definition>
	</include>

	<include name="PlotBox">
		<control type="textbox">
			<height max="$PARAM[max_height]">auto</height>
			<font>font27</font>
			<textcolor>unfocused_text</textcolor>
			<align>left</align>
			<label>$VAR[RI_Plot]</label>
			<autoscroll delay="$PARAM[delay_repeat]" time="1700" repeat="$PARAM[delay_repeat]">Skin.HasSetting(autoscroll)</autoscroll>
			<visible>$PARAM[visible]</visible>
		</control>
	</include>

	<include name="VerticalInfoPanel">
		<param name="left">-25</param>
		<definition>
			<control type="group">
				<width>498</width>
				<animation effect="fade" condition="$EXP[isContent] + String.IsEmpty(Window(Home).Property(SpotlightWidget))" time="300" end="100" tween="sine" easing="inout">Conditonal</animation>
				<include>OpenClose_Left</include>
				<control type="grouplist">
					<left>$PARAM[left]</left>
					<top>0</top>
					<bottom>0</bottom>
					<width>498</width>
					<orientation>horizontal</orientation>
					<align>center</align>
					<itemgap>-20</itemgap>
					<control type="grouplist">
						<width>150</width>
						<orientation>vertical</orientation>
						<itemgap>36</itemgap>
						<aligny>center</aligny>
						<align>center</align>
						<visible>!Skin.HasSetting(Disable.HomePanelRatings)</visible>
						<include condition="!String.IsEmpty(Skin.String(valid_api_key)) + !Skin.HasSetting(Disable.HomePanelRatings)">VerticalRatings</include>
						<!-- <visible>!String.IsEmpty(ListItem.Genre) + [$EXP[isMovie] | $EXP[isTVShow] | $EXP[isSeason]] + 
							[
								[[Window.IsVisible(Home) | Window.IsVisible(1121)] + !Skin.HasSetting(Disable.HomePanelRatings)] | [Control.IsVisible(51) + !Skin.HasSetting(Disable.51Ratings)] | [Control.IsVisible(53) + !Skin.HasSetting(Disable.53Ratings)] | [Control.IsVisible(54) + !Skin.HasSetting(Disable.54Ratings)] | [Control.IsVisible(55) + !Skin.HasSetting(Disable.55Ratings)] | [Control.IsVisible(56) + !Skin.HasSetting(Disable.56Ratings)]
							]</visible> -->
						<visible>!String.IsEmpty(ListItem.Genre) + [$EXP[isMovie] | $EXP[isTVShow] | $EXP[isSeason]] + 
							[
								[[Window.IsVisible(Home) | Window.IsVisible(1121)] + !Skin.HasSetting(Disable.HomePanelRatings)] | [Control.IsVisible(51) + !Skin.HasSetting(Disable.51Ratings)] | [Control.IsVisible(53) + !Skin.HasSetting(Disable.53Ratings)] | [Control.IsVisible(54) + !Skin.HasSetting(Disable.54Ratings)] | [Control.IsVisible(55) + !Skin.HasSetting(Disable.55Ratings)] | [Control.IsVisible(56) + !Skin.HasSetting(Disable.56Ratings)]
							] + 
							[
								[String.IsEqual(Skin.String(RatingSlot1),metacritic) + !String.IsEmpty(Window(Home).Property(altus.metascore))] | 
								[String.IsEqual(Skin.String(RatingSlot1),trakt) + !String.IsEmpty(Window(Home).Property(altus.traktRating))] |
								[String.IsEqual(Skin.String(RatingSlot1),letterboxd) + !String.IsEmpty(Window(Home).Property(altus.letterboxdRating))] |
								[String.IsEqual(Skin.String(RatingSlot1),mdblist) + !String.IsEmpty(Window(Home).Property(altus.mdblistRating))] |
								[String.IsEqual(Skin.String(RatingSlot1),rtc) + !String.IsEmpty(Window(Home).Property(altus.tomatoMeter))] |
								[String.IsEqual(Skin.String(RatingSlot1),rta) + !String.IsEmpty(Window(Home).Property(altus.tomatoUserMeter))] |
								[String.IsEqual(Skin.String(RatingSlot1),imdb) + !String.IsEmpty(Window(Home).Property(altus.imdbRating))] |
								[String.IsEqual(Skin.String(RatingSlot1),imdbpop) + !String.IsEmpty(Window(Home).Property(altus.popularRating))] |
								[String.IsEqual(Skin.String(RatingSlot1),tmdb) + !String.IsEmpty(Window(Home).Property(altus.tmdbRating))] |
								[String.IsEqual(Skin.String(RatingSlot2),metacritic) + !String.IsEmpty(Window(Home).Property(altus.metascore))] |
								[String.IsEqual(Skin.String(RatingSlot2),trakt) + !String.IsEmpty(Window(Home).Property(altus.traktRating))] |
								[String.IsEqual(Skin.String(RatingSlot2),letterboxd) + !String.IsEmpty(Window(Home).Property(altus.letterboxdRating))] |
								[String.IsEqual(Skin.String(RatingSlot2),mdblist) + !String.IsEmpty(Window(Home).Property(altus.mdblistRating))] |
								[String.IsEqual(Skin.String(RatingSlot2),rtc) + !String.IsEmpty(Window(Home).Property(altus.tomatoMeter))] |
								[String.IsEqual(Skin.String(RatingSlot2),rta) + !String.IsEmpty(Window(Home).Property(altus.tomatoUserMeter))] |
								[String.IsEqual(Skin.String(RatingSlot2),imdb) + !String.IsEmpty(Window(Home).Property(altus.imdbRating))] |
								[String.IsEqual(Skin.String(RatingSlot2),imdbpop) + !String.IsEmpty(Window(Home).Property(altus.popularRating))] |
								[String.IsEqual(Skin.String(RatingSlot2),tmdb) + !String.IsEmpty(Window(Home).Property(altus.tmdbRating))] |
								[String.IsEqual(Skin.String(RatingSlot3),metacritic) + !String.IsEmpty(Window(Home).Property(altus.metascore))] |
								[String.IsEqual(Skin.String(RatingSlot3),trakt) + !String.IsEmpty(Window(Home).Property(altus.traktRating))] |
								[String.IsEqual(Skin.String(RatingSlot3),letterboxd) + !String.IsEmpty(Window(Home).Property(altus.letterboxdRating))] |
								[String.IsEqual(Skin.String(RatingSlot3),mdblist) + !String.IsEmpty(Window(Home).Property(altus.mdblistRating))] |
								[String.IsEqual(Skin.String(RatingSlot3),rtc) + !String.IsEmpty(Window(Home).Property(altus.tomatoMeter))] |
								[String.IsEqual(Skin.String(RatingSlot3),rta) + !String.IsEmpty(Window(Home).Property(altus.tomatoUserMeter))] |
								[String.IsEqual(Skin.String(RatingSlot3),imdb) + !String.IsEmpty(Window(Home).Property(altus.imdbRating))] |
								[String.IsEqual(Skin.String(RatingSlot3),imdbpop) + !String.IsEmpty(Window(Home).Property(altus.popularRating))] |
								[String.IsEqual(Skin.String(RatingSlot3),tmdb) + !String.IsEmpty(Window(Home).Property(altus.tmdbRating))] |
								[String.IsEqual(Skin.String(RatingSlot4),metacritic) + !String.IsEmpty(Window(Home).Property(altus.metascore))] |
								[String.IsEqual(Skin.String(RatingSlot4),trakt) + !String.IsEmpty(Window(Home).Property(altus.traktRating))] |
								[String.IsEqual(Skin.String(RatingSlot4),letterboxd) + !String.IsEmpty(Window(Home).Property(altus.letterboxdRating))] |
								[String.IsEqual(Skin.String(RatingSlot4),mdblist) + !String.IsEmpty(Window(Home).Property(altus.mdblistRating))] |
								[String.IsEqual(Skin.String(RatingSlot4),rtc) + !String.IsEmpty(Window(Home).Property(altus.tomatoMeter))] |
								[String.IsEqual(Skin.String(RatingSlot4),rta) + !String.IsEmpty(Window(Home).Property(altus.tomatoUserMeter))] |
								[String.IsEqual(Skin.String(RatingSlot4),imdb) + !String.IsEmpty(Window(Home).Property(altus.imdbRating))] |
								[String.IsEqual(Skin.String(RatingSlot4),imdbpop) + !String.IsEmpty(Window(Home).Property(altus.popularRating))] |
								[String.IsEqual(Skin.String(RatingSlot4),tmdb) + !String.IsEmpty(Window(Home).Property(altus.tmdbRating))] |
								[String.IsEqual(Skin.String(RatingSlot5),metacritic) + !String.IsEmpty(Window(Home).Property(altus.metascore))] |
								[String.IsEqual(Skin.String(RatingSlot5),trakt) + !String.IsEmpty(Window(Home).Property(altus.traktRating))] |
								[String.IsEqual(Skin.String(RatingSlot5),letterboxd) + !String.IsEmpty(Window(Home).Property(altus.letterboxdRating))] |
								[String.IsEqual(Skin.String(RatingSlot5),mdblist) + !String.IsEmpty(Window(Home).Property(altus.mdblistRating))] |
								[String.IsEqual(Skin.String(RatingSlot5),rtc) + !String.IsEmpty(Window(Home).Property(altus.tomatoMeter))] |
								[String.IsEqual(Skin.String(RatingSlot5),rta) + !String.IsEmpty(Window(Home).Property(altus.tomatoUserMeter))] |
								[String.IsEqual(Skin.String(RatingSlot5),imdb) + !String.IsEmpty(Window(Home).Property(altus.imdbRating))] |
								[String.IsEqual(Skin.String(RatingSlot5),imdbpop) + !String.IsEmpty(Window(Home).Property(altus.popularRating))] |
								[String.IsEqual(Skin.String(RatingSlot5),tmdb) + !String.IsEmpty(Window(Home).Property(altus.tmdbRating))] |
								[String.IsEqual(Skin.String(RatingSlot6),metacritic) + !String.IsEmpty(Window(Home).Property(altus.metascore))] |
								[String.IsEqual(Skin.String(RatingSlot6),trakt) + !String.IsEmpty(Window(Home).Property(altus.traktRating))] |
								[String.IsEqual(Skin.String(RatingSlot6),letterboxd) + !String.IsEmpty(Window(Home).Property(altus.letterboxdRating))] |
								[String.IsEqual(Skin.String(RatingSlot6),mdblist) + !String.IsEmpty(Window(Home).Property(altus.mdblistRating))] |
								[String.IsEqual(Skin.String(RatingSlot6),rtc) + !String.IsEmpty(Window(Home).Property(altus.tomatoMeter))] |
								[String.IsEqual(Skin.String(RatingSlot6),rta) + !String.IsEmpty(Window(Home).Property(altus.tomatoUserMeter))] |
								[String.IsEqual(Skin.String(RatingSlot6),imdb) + !String.IsEmpty(Window(Home).Property(altus.imdbRating))] |
								[String.IsEqual(Skin.String(RatingSlot6),imdbpop) + !String.IsEmpty(Window(Home).Property(altus.popularRating))] |
								[String.IsEqual(Skin.String(RatingSlot6),tmdb) + !String.IsEmpty(Window(Home).Property(altus.tmdbRating))] |
								[String.IsEqual(Skin.String(RatingSlot7),metacritic) + !String.IsEmpty(Window(Home).Property(altus.metascore))] |
								[String.IsEqual(Skin.String(RatingSlot7),trakt) + !String.IsEmpty(Window(Home).Property(altus.traktRating))] |
								[String.IsEqual(Skin.String(RatingSlot7),letterboxd) + !String.IsEmpty(Window(Home).Property(altus.letterboxdRating))] |
								[String.IsEqual(Skin.String(RatingSlot7),mdblist) + !String.IsEmpty(Window(Home).Property(altus.mdblistRating))] |
								[String.IsEqual(Skin.String(RatingSlot7),rtc) + !String.IsEmpty(Window(Home).Property(altus.tomatoMeter))] |
								[String.IsEqual(Skin.String(RatingSlot7),rta) + !String.IsEmpty(Window(Home).Property(altus.tomatoUserMeter))] |
								[String.IsEqual(Skin.String(RatingSlot7),imdb) + !String.IsEmpty(Window(Home).Property(altus.imdbRating))] |
								[String.IsEqual(Skin.String(RatingSlot7),imdbpop) + !String.IsEmpty(Window(Home).Property(altus.popularRating))] |
								[String.IsEqual(Skin.String(RatingSlot7),tmdb) + !String.IsEmpty(Window(Home).Property(altus.tmdbRating))]
						]</visible>
					</control>
					<control type="grouplist">
						<width>338</width>
						<orientation>vertical</orientation>
						<align>center</align>
						<itemgap>11</itemgap>
						<animation effect="slide" condition="$EXP[isEpisode] | [[[Window.IsVisible(Home) | Window.IsVisible(1121)] + Skin.HasSetting(Disable.HomePanelRatings)] | [Control.IsVisible(51) + Skin.HasSetting(Disable.51Ratings)] | [Control.IsVisible(53) + Skin.HasSetting(Disable.53Ratings)] | [Control.IsVisible(54) + Skin.HasSetting(Disable.54Ratings)] | [Control.IsVisible(55) + Skin.HasSetting(Disable.55Ratings)] | [Control.IsVisible(56) + Skin.HasSetting(Disable.56Ratings)]
							]" time="0" start="0,0" end="25,0" tween="sine" easing="inout">Conditional</animation>
						<animation effect="slide" condition="!$EXP[isContent]" time="0" start="0,0" end="-498,0" tween="sine" easing="inout">Conditional</animation>
						<control type="label">
							<align>left</align>
							<height>50</height>
							<label>$VAR[InfoTitle]</label>
							<font>font36_title</font>
							<textcolor>unfocused_text</textcolor>
							<scroll>true</scroll>
							<scrollspeed>170</scrollspeed>
							<visible>
									[
											!Window.IsVisible(videos) + 
											!String.IsEqual(Skin.String(WidgetClearlogoSetting),2) + 
											[
													String.IsEqual(Skin.String(WidgetClearlogoSetting),1) | 
													String.IsEmpty(ListItem.Art(clearlogo))
											]
									]
							</visible>
						</control>
						<control type="textbox">
							<top>0</top>
							<left>0</left>
							<right>0</right>
							<height>-6</height>
							<label></label>
							<visible>
									[
											!Window.IsVisible(videos) + 
											!String.IsEqual(Skin.String(WidgetClearlogoSetting),2) + 
											[
													String.IsEqual(Skin.String(WidgetClearlogoSetting),1) | 
													String.IsEmpty(ListItem.Art(clearlogo))
											]
									]
							</visible>
						</control>
						<control type="image">
							<width>338</width>
							<!-- <height>100</height> -->
							<height>131</height>
							<texture background="true">$INFO[Window(Home).Property(listitem_clearlogo_cropped)]</texture>
							<aspectratio align="center" aligny="bottom">keep</aspectratio>
							<fadetime>200</fadetime>
							<visible>
									!String.IsEmpty(ListItem.Art(clearlogo)) + 
									[
											!Window.IsVisible(videos) + 
											!String.IsEmpty(ListItem.Art(clearlogo)) + 
											!String.IsEqual(Skin.String(WidgetClearlogoSetting),1) + 
											[
													[String.IsEmpty(Window(Home).Property(FeatureWidgetFocused)) + 
													String.IsEqual(Skin.String(WidgetClearlogoSetting),0)] | 
													!String.IsEmpty(Window(Home).Property(FeatureWidgetFocused)) + 
													$EXP[isEpisode]
											]
									] | 
									[
											Window.IsVisible(videos) + 
											!String.IsEmpty(ListItem.Art(clearlogo)) + 
											Skin.HasSetting(Enable.Clearlogo)
									]
							</visible>
						</control>
						<control type="textbox">
							<top>0</top>
							<left>0</left>
							<right>0</right>
							<height>10</height>
							<label></label>
							<visible>
									!String.IsEmpty(ListItem.Art(clearlogo)) + 
									[
											!Window.IsVisible(videos) + 
											!String.IsEmpty(ListItem.Art(clearlogo)) + 
											!String.IsEqual(Skin.String(WidgetClearlogoSetting),1) + 
											[
													[String.IsEmpty(Window(Home).Property(FeatureWidgetFocused)) + 
													String.IsEqual(Skin.String(WidgetClearlogoSetting),0)] | 
													!String.IsEmpty(Window(Home).Property(FeatureWidgetFocused)) + 
													$EXP[isEpisode]
											]
									] | 
									[
											Window.IsVisible(videos) + 
											!String.IsEmpty(ListItem.Art(clearlogo)) + 
											Skin.HasSetting(Enable.Clearlogo)
									]
							</visible>
						</control>
						<control type="image">
							<height>3</height>
							<texture colordiffuse="$VAR[FocusColorTheme]">masks/infopanel_divider.png</texture>
							<visible>Window.IsVisible(videos) + $EXP[isEpisode]</visible>
						</control>
						<control type="textbox">
							<align>left</align>
							<height max="300">auto</height>
							<label>$INFO[ListItem.Title]</label>
							<font>font27_title</font>
							<textcolor>unfocused_text</textcolor>
							<scroll>true</scroll>
							<scrollspeed>150</scrollspeed>
							<visible>Window.IsVisible(videos) + $EXP[isEpisode]</visible>
						</control>
						<control type="textbox">
							<top>0</top>
							<left>0</left>
							<right>0</right>
							<height>-6</height>
							<label></label>
						</control>
						<control type="image">
							<height>3</height>
							<texture colordiffuse="$VAR[FocusColorTheme]">masks/infopanel_divider.png</texture>
							<visible>$EXP[isContent]</visible>
						</control>
						<control type="textbox">
							<align>left</align>
							<height max="300">auto</height>
							<label>$VAR[VI_WidgetInfoPanelTop]</label>
							<font>font27</font>
							<textcolor>unfocused_text</textcolor>
							<scroll>true</scroll>
							<scrollspeed>150</scrollspeed>
						</control>
						<control type="textbox">
							<top>0</top>
							<left>0</left>
							<right>0</right>
							<height>-6</height>
							<label></label>
						</control>
						<control type="image">
							<height>3</height>
							<texture colordiffuse="$VAR[FocusColorTheme]">masks/infopanel_divider.png</texture>
							<visible>$EXP[isContent]</visible>
						</control>
						<control type="textbox">
							<height max="443">auto</height>
							<font>font27</font>
							<textcolor>unfocused_text</textcolor>
							<align>left</align>
							<label>$VAR[RI_Plot]</label>
							<autoscroll delay="7000" time="1600" repeat="7000">Skin.HasSetting(autoscroll)</autoscroll>
							<visible>[Window.IsVisible(Home) | Window.IsVisible(1121)] | [String.IsEqual(Container.Viewmode,$LOCALIZE[31101]) | String.IsEqual(Container.Viewmode,$LOCALIZE[311012]) | String.IsEqual(Container.Viewmode,$LOCALIZE[31107])]</visible>
						</control>
						<control type="textbox">
							<top>0</top>
							<left>0</left>
							<right>0</right>
							<height>-6</height>
							<label></label>
						</control>
						<!-- <include content="PlotBox">
							<param name="max_height" value="534"/>
							<param name="delay_repeat" value="8500"/>
							<param name="visible" value="
							[
									!Window.IsVisible(videos) + 
									!String.IsEqual(Skin.String(WidgetClearlogoSetting),2) + 
									[
											[
													[
															String.IsEqual(Skin.String(StudioLogoSetting),0) | 
															[String.IsEqual(Skin.String(StudioLogoSetting),1) + !$EXP[isMovie]] | 
															[String.IsEqual(Skin.String(StudioLogoSetting),2) + $EXP[isMovie]]
													] + 
													[
															[String.IsEmpty(Window(Home).Property(FeatureWidgetFocused)) + String.IsEqual(Skin.String(WidgetClearlogoSetting),0)] | 
															!String.IsEmpty(Window(Home).Property(FeatureWidgetFocused)) + $EXP[isEpisode]
													]
											] | 
											[
													[
															[String.IsEqual(Skin.String(StudioLogoSetting),1) + $EXP[isMovie]] | 
															[String.IsEqual(Skin.String(StudioLogoSetting),2) + !$EXP[isMovie]] | 
															String.IsEqual(Skin.String(StudioLogoSetting),3)
													] + 
													!
													[
															[String.IsEmpty(Window(Home).Property(FeatureWidgetFocused)) + String.IsEqual(Skin.String(WidgetClearlogoSetting),0)] | 
															!String.IsEmpty(Window(Home).Property(FeatureWidgetFocused)) + $EXP[isEpisode]
													]
											]
									]
							] | 
							[
									Window.IsVisible(videos) + 
									[
											String.IsEqual(Skin.String(StudioLogoSetting),0) | 
											[String.IsEqual(Skin.String(StudioLogoSetting),1) + !$EXP[isMovie]] | 
											[String.IsEqual(Skin.String(StudioLogoSetting),2) + $EXP[isMovie]]
									] + 
									Skin.HasSetting(Enable.Clearlogo)
							]"/>
						</include>
						<include content="PlotBox">
							<param name="max_height" value="641"/>
							<param name="delay_repeat" value="8500"/>
							<param name="visible" value="
							[
									!Window.IsVisible(videos) + 
									!String.IsEqual(Skin.String(WidgetClearlogoSetting),2) + 
									[
											String.IsEqual(Skin.String(StudioLogoSetting),0) | 
											[String.IsEqual(Skin.String(StudioLogoSetting),1) + !$EXP[isMovie]] | 
											[String.IsEqual(Skin.String(StudioLogoSetting),2) + $EXP[isMovie]]
									] + 
									!
									[
											[String.IsEmpty(Window(Home).Property(FeatureWidgetFocused)) + String.IsEqual(Skin.String(WidgetClearlogoSetting),0)] | 
											!String.IsEmpty(Window(Home).Property(FeatureWidgetFocused)) + $EXP[isEpisode]
									]
							]"/>
						</include>
						<include content="PlotBox">
							<param name="max_height" value="570"/>
							<param name="delay_repeat" value="8500"/>
							<param name="visible" value="
							[
									!Window.IsVisible(videos) + 
									String.IsEqual(Skin.String(WidgetClearlogoSetting),2) + 
									[
											[String.IsEqual(Skin.String(StudioLogoSetting),1) + $EXP[isMovie]] | 
											[String.IsEqual(Skin.String(StudioLogoSetting),2) + !$EXP[isMovie]] | 
											String.IsEqual(Skin.String(StudioLogoSetting),3)
									]
							] | 
							[
									Window.IsVisible(videos) + 
									[
											[String.IsEqual(Skin.String(StudioLogoSetting),1) + $EXP[isMovie]] | 
											[String.IsEqual(Skin.String(StudioLogoSetting),2) + !$EXP[isMovie]] | 
											String.IsEqual(Skin.String(StudioLogoSetting),3)
									] + 
									!Skin.HasSetting(Enable.Clearlogo)
							]"/>
						</include>
						<include content="PlotBox">
							<param name="max_height" value="463"/>
							<param name="delay_repeat" value="7000"/>
							<param name="visible" value="
							[
									!Window.IsVisible(videos) + 
									!String.IsEqual(Skin.String(WidgetClearlogoSetting),2) + 
									[
											[String.IsEqual(Skin.String(StudioLogoSetting),1) + $EXP[isMovie]] | 
											[String.IsEqual(Skin.String(StudioLogoSetting),2) + !$EXP[isMovie]] | 
											String.IsEqual(Skin.String(StudioLogoSetting),3)
									] + 
									[
											[String.IsEmpty(Window(Home).Property(FeatureWidgetFocused)) + String.IsEqual(Skin.String(WidgetClearlogoSetting),0)] | 
											!String.IsEmpty(Window(Home).Property(FeatureWidgetFocused)) + $EXP[isEpisode]
									]
							] | 
							[
									Window.IsVisible(videos) + 
									[
											[String.IsEqual(Skin.String(StudioLogoSetting),1) + $EXP[isMovie]] | 
											[String.IsEqual(Skin.String(StudioLogoSetting),2) + !$EXP[isMovie]] | 
											String.IsEqual(Skin.String(StudioLogoSetting),3)
									] + 
									Skin.HasSetting(Enable.Clearlogo)
							]"/>
						</include>
						<include content="PlotBox">
							<param name="max_height" value="677"/>
							<param name="delay_repeat" value="8500"/>
							<param name="visible" value="
							[
									!Window.IsVisible(videos) + 
									String.IsEqual(Skin.String(WidgetClearlogoSetting),2) + 
									[
											String.IsEqual(Skin.String(StudioLogoSetting),0) | 
											[String.IsEqual(Skin.String(StudioLogoSetting),1) + !$EXP[isMovie]] | 
											[String.IsEqual(Skin.String(StudioLogoSetting),2) + $EXP[isMovie]]
									]
							] | 
							[
									Window.IsVisible(videos) + 
									[
											String.IsEqual(Skin.String(StudioLogoSetting),0) | 
											[String.IsEqual(Skin.String(StudioLogoSetting),1) + !$EXP[isMovie]] | 
											[String.IsEqual(Skin.String(StudioLogoSetting),2) + $EXP[isMovie]]
									] + 
									!Skin.HasSetting(Enable.Clearlogo)
							]"/>
						</include> -->
						<control type="image">
							<height>3</height>
							<texture colordiffuse="$VAR[FocusColorTheme]">masks/infopanel_divider.png</texture>
							<visible>$EXP[isContent]</visible>
						</control>
						<control type="image">
							<height>115</height>
							<fadetime>200</fadetime>
							<texture colordiffuse="$VAR[StudioColorDiffuseVar]">$VAR[StudioLogoPathVar]</texture>
							<aspectratio align="center" aligny="top">keep</aspectratio>
							<visible>!String.IsEmpty(ListItem.Studio) + [String.IsEqual(Skin.String(StudioLogoSetting),3) | [String.IsEqual(Skin.String(StudioLogoSetting),1) + $EXP[isMovie]] | [String.IsEqual(Skin.String(StudioLogoSetting),2) + !$EXP[isMovie]]]</visible>
						</control>
					</control>
				</control>
			</control>
		</definition>
	</include>


	<include name="SpotlightInfoPanel">
		<control type="grouplist">
			<left>30</left>
			<width>895</width>
			<top>-108</top>
			<bottom>140</bottom>
			<orientation>vertical</orientation>
			<itemgap>2</itemgap>
			<align>right</align>
			<control type="image">
				<!-- <width>700</width>
				<height>175</height> -->
				<width>500</width>
				<height>194</height>
				<fadetime>200</fadetime>
				<texture background="true">$INFO[Window(Home).Property(listitem_clearlogo_cropped)]</texture>
				<aspectratio align="left" aligny="bottom">keep</aspectratio>
				<visible>!String.IsEmpty(ListItem.Art(clearlogo)) + !Skin.HasSetting(Disable.SpotlightClearlogo)</visible>
			</control>
			<control type="label">
				<height>40</height>
				<aligny>center</aligny>
				<font>font52_title</font>
				<textcolor>unfocused_text</textcolor>
				<label>$VAR[SubstituteLabel]</label>
				<scroll>true</scroll>
				<scrollspeed>200</scrollspeed>
				<visible>String.IsEmpty(ListItem.Art(clearlogo)) | Skin.HasSetting(Disable.SpotlightClearlogo)</visible>
			</control>
			<control type="textbox">
				<top>0</top>
				<left>0</left>
				<right>0</right>
				<height>20</height>
				<align>center</align>
				<aligny>center</aligny>
				<label></label>
				<visible>!String.IsEmpty(Window(Home).Property(SpotlightWidget))</visible>
			</control>
			<!-- Watched Status Labels First -->
			<control type="label">
				<height>45</height>
				<label>$VAR[SpotlightWidgetStatus]</label>
				<font>font32_title</font>
				<textcolor>$VAR[FocusColorTheme]</textcolor>
				<scroll>true</scroll>
				<scrollspeed>100</scrollspeed>
				<visible>!String.IsEmpty(Window(Home).Property(SpotlightWidget)) + [
					!$EXP[isMovie] + !$EXP[isTVShow] | 
					[$EXP[isMovie] + [Integer.IsGreater(ListItem.Playcount,0) | !Integer.IsEqual(ListItem.Property(WatchedProgress),0)]] | 
					[$EXP[isTVShow] + Integer.IsGreater(ListItem.Property(WatchedEpisodes),0) + !String.IsEqual(ListItem.Property(UnWatchedEpisodes),-1)]
				]</visible>
			</control>
			<!-- Metadata Labels Below -->
			<control type="label">
				<height>53</height>
				<label>$VAR[Spotlight_WidgetInfoPanelTop]</label>
				<font>font27</font>
				<textcolor>$VAR[FocusColorTheme]</textcolor>
				<scroll>false</scroll>
				<scrollspeed>100</scrollspeed>
			</control>
			<include condition="!String.IsEmpty(Skin.String(valid_api_key))" content="HorizontalRatings"/>
			<control type="textbox">
				<height max="150">auto</height>
				<label>$VAR[RI_Plot]</label>
				<font>font27</font>
				<textcolor>unfocused_text</textcolor>
				<autoscroll delay="10000" time="4000" repeat="10000">Skin.HasSetting(autoscroll)</autoscroll>
				<visible>!String.IsEmpty(ListItem.Plot)</visible>
			</control>
		</control>
	</include>

</includes>