<?xml version="1.0" encoding="UTF-8"?>
<includes>
	<include name="Animation_FocusTextureFade">
		<animation effect="fade" start="0" end="100" time="300" tween="sine">Focus</animation>
		<animation effect="fade" start="100" end="0" time="0">UnFocus</animation>
	</include>
	<include name="FocusBounce">
		<animation type="Focus" condition="!Skin.HasSetting(Disable.FocusAnimations)" reversible="false">
			<effect type="zoom" end="97" time="75" tween="sine" easing="out" center="auto" />
			<effect type="zoom" end="103" time="225" tween="sine" delay="100" easing="out" center="auto" />
		</animation>
	</include>

	<include name="Animation_DialogPopupOpenClose">
		<animation type="WindowOpen" reversible="false">
			<effect type="zoom" start="80" end="100" center="50%,50%" delay="160" tween="back" time="240" />
			<effect type="fade" delay="160" end="100" time="240" />
		</animation>
		<animation type="WindowClose" reversible="false">
			<effect type="zoom" start="100" end="80" center="50%,50%" easing="in" tween="back" time="240" />
			<effect type="fade" start="100" end="0" time="240" />
		</animation>
		<depth>DepthDialog</depth>
	</include>

	<include name="Animation_DialogPopupVisible">
		<animation type="Visible" reversible="false">
			<effect type="zoom" start="80" end="100" center="50%,50%" delay="160" tween="back" time="240" />
			<effect type="fade" delay="160" end="100" time="240" />
		</animation>
		<animation type="Hidden" reversible="false">
			<effect type="zoom" start="100" end="80" center="50%,50%" easing="in" tween="back" time="240" />
			<effect type="fade" start="100" end="0" time="240" />
		</animation>
	</include>

	<include name="Visible_Fade">
		<animation effect="fade" end="100" time="200">Visible</animation>
		<animation effect="fade" start="100" end="0" time="200">Hidden</animation>
	</include>

	<include name="OpenClose_Fade">
		<animation effect="fade" end="100" time="200">WindowOpen</animation>
		<animation effect="fade" start="100" end="0" time="200">WindowClose</animation>
	</include>

	<include name="Visible_Right_Delayed">
		<include condition="Skin.HasSetting(no_slide_animations)">Visible_Fade</include>
		<include content="Vis_FadeSlide_Right_Delayed" condition="!Skin.HasSetting(no_slide_animations)">
			<param name="id" value="$PARAM[id]" />
		</include>
	</include>

	<include name="Vis_FadeSlide_Right_Delayed">
		<animation type="Conditional" condition="String.IsEqual(Container(9000).ListItem.Property(id),$PARAM[id])">
			<effect type="fade" start="0" end="100" time="300" tween="sine" delay="300" easing="out" />
			<effect type="slide" start="320" end="0" time="400" delay="300" tween="cubic" easing="out" />
		</animation>
		<animation type="Hidden">
			<effect type="fade" start="100" end="0" time="300" tween="sine" easing="out" />
			<effect type="slide" start="0" end="320" time="300" tween="cubic" easing="out" />
		</animation>
	</include>

	<include name="Visible_Right">
		<include condition="Skin.HasSetting(no_slide_animations)">Visible_Fade</include>
		<include condition="!Skin.HasSetting(no_slide_animations)">Vis_FadeSlide_Right</include>
	</include>

	<include name="Animation_TopSlide">
		<animation type="WindowOpen" reversible="False">
			<effect type="fade" start="0" end="100" time="300"/>
			<effect type="slide" start="0,-200" end="0,0" time="300" tween="cubic" easing="out" />
		</animation>
		<animation type="WindowClose" reversible="False">
			<effect type="fade" start="100" end="0" time="300"/>
			<effect type="slide" start="0,0" end="0,-200" time="300" tween="cubic" easing="out" />
		</animation>
	</include>

	<include name="Animation_BottomSlide">
		<animation type="WindowOpen" reversible="False">
			<effect type="fade" start="0" end="100" time="300"/>
			<effect type="slide" start="0,200" end="0,0" time="300" tween="cubic" easing="out" />
		</animation>
		<animation type="WindowClose" reversible="False">
			<effect type="fade" start="100" end="0" time="300"/>
			<effect type="slide" start="0,0" end="0,200" time="300" tween="cubic" easing="out" />
		</animation>
	</include>

	<include name="Vis_FadeSlide_Right">
		<animation type="Visible" reversible="False">
			<effect type="fade" start="0" end="100" time="300" tween="sine" easing="out"/>
			<effect type="slide" start="320" end="0" time="400" tween="cubic" easing="out" />
		</animation>
		<animation type="Hidden" reversible="False">
			<effect type="fade" start="100" end="0" time="300" tween="sine" easing="out" />
			<effect type="slide" start="0" end="320" time="300" tween="cubic" easing="out" />
		</animation>
	</include>

	<include name="Visible_Left">
		<include condition="Skin.HasSetting(no_slide_animations)">Visible_Fade</include>
		<include condition="!Skin.HasSetting(no_slide_animations)">Vis_FadeSlide_Left</include>
	</include>

	<include name="Vis_FadeSlide_Left">
		<animation type="Visible" reversible="False">
			<effect type="fade" start="0" end="100" time="300" tween="sine" easing="out" />
			<effect type="slide" start="-320" end="0" time="400" tween="cubic" easing="out" />
		</animation>
		<animation type="Hidden" reversible="False">
			<effect type="fade" start="100" end="0" time="300" tween="sine" easing="out" />
			<effect type="slide" start="0" end="-320" time="300" tween="cubic" easing="out" />
		</animation>
	</include>

	<include name="OpenClose_Left">
		<include condition="Skin.HasSetting(no_slide_animations)">OpenClose_Fade</include>
		<include condition="!Skin.HasSetting(no_slide_animations)">OpenClose_FadeSlide_Left</include>
	</include>

	<include name="OpenClose_FadeSlide_Left">
		<animation type="WindowOpen">
			<effect type="fade" start="0" end="100" time="300" tween="sine" easing="out" />
			<effect type="slide" start="-320" end="0" time="400" tween="cubic" easing="out" />
		</animation>
		<animation type="WindowClose">
			<effect type="fade" start="100" end="0" time="300" tween="sine" easing="out" />
			<effect type="slide" start="0" end="-320" time="300" tween="cubic" easing="out" />
		</animation>
	</include>

	<include name="OpenClose_Right">
		<include condition="Skin.HasSetting(no_slide_animations)">OpenClose_Fade</include>
		<include condition="!Skin.HasSetting(no_slide_animations)">OpenClose_FadeSlide_Right</include>
	</include>

	<include name="OpenClose_FadeSlide_Right">
		<animation type="WindowOpen">
			<effect type="fade" start="0" end="100" time="300" tween="sine" easing="out" />
			<effect type="slide" start="320" end="0" time="400" tween="cubic" easing="out" />
		</animation>
		<animation type="WindowClose">
			<effect type="fade" start="100" end="0" time="300" tween="sine" easing="out" />
			<effect type="slide" start="0" end="320" time="300" tween="cubic" easing="out" />
		</animation>
	</include>

	<include name="Keyboard_Slide_Up">
		<animation type="WindowOpen">
			<effect type="fade" start="0" end="100" time="300" tween="sine" easing="out" />
			<effect type="slide" start="0,1080" end="0,0" time="400" tween="cubic" easing="out" />
		</animation>
		<animation type="WindowClose">
			<effect type="fade" start="100" end="0" time="300" tween="sine" easing="out" />
			<effect type="slide" start="0,0" end="0,1080" time="400" tween="cubic" easing="out" />
		</animation>
	</include>

	<include name="GlowPulse">
		<animation type="Conditional" condition="true" pulse="true">
			<effect type="zoom" time="1733" start="97" end="100" center="$PARAM[pos_x],$PARAM[pos_y]" tween="cubic" easing="in"/>
		</animation>
	</include>

	<include name="CenterList72">
		<animation effect="slide" start="0,0" end="0,504" time="0" condition="Integer.IsEqual(Container($PARAM[id]).NumItems,1)">Conditional</animation>
		<animation effect="slide" start="0,0" end="0,468" time="0" condition="Integer.IsEqual(Container($PARAM[id]).NumItems,2)">Conditional</animation>
		<animation effect="slide" start="0,0" end="0,432" time="0" condition="Integer.IsEqual(Container($PARAM[id]).NumItems,3)">Conditional</animation>
		<animation effect="slide" start="0,0" end="0,392" time="0" condition="Integer.IsEqual(Container($PARAM[id]).NumItems,4)">Conditional</animation>
		<animation effect="slide" start="0,0" end="0,360" time="0" condition="Integer.IsEqual(Container($PARAM[id]).NumItems,5)">Conditional</animation>
		<animation effect="slide" start="0,0" end="0,324" time="0" condition="Integer.IsEqual(Container($PARAM[id]).NumItems,6)">Conditional</animation>
		<animation effect="slide" start="0,0" end="0,288" time="0" condition="Integer.IsEqual(Container($PARAM[id]).NumItems,7)">Conditional</animation>
		<animation effect="slide" start="0,0" end="0,252" time="0" condition="Integer.IsEqual(Container($PARAM[id]).NumItems,8)">Conditional</animation>
		<animation effect="slide" start="0,0" end="0,216" time="0" condition="Integer.IsEqual(Container($PARAM[id]).NumItems,9)">Conditional</animation>
		<animation effect="slide" start="0,0" end="0,180" time="0" condition="Integer.IsEqual(Container($PARAM[id]).NumItems,10)">Conditional</animation>
		<animation effect="slide" start="0,0" end="0,144" time="0" condition="Integer.IsEqual(Container($PARAM[id]).NumItems,11)">Conditional</animation>
		<animation effect="slide" start="0,0" end="0,108" time="0" condition="Integer.IsEqual(Container($PARAM[id]).NumItems,12)">Conditional</animation>
		<animation effect="slide" start="0,0" end="0,72" time="0" condition="Integer.IsEqual(Container($PARAM[id]).NumItems,13)">Conditional</animation>
		<animation effect="slide" start="0,0" end="0,36" time="0" condition="Integer.IsEqual(Container($PARAM[id]).NumItems,14)">Conditional</animation>
	</include>

	<include name="CenterList104">
		<animation effect="slide" start="0,0" end="0,416" time="0" condition="Integer.IsEqual(Container($PARAM[id]).NumItems,1)">Conditional</animation>
		<animation effect="slide" start="0,0" end="0,364" time="0" condition="Integer.IsEqual(Container($PARAM[id]).NumItems,2)">Conditional</animation>
		<animation effect="slide" start="0,0" end="0,312" time="0" condition="Integer.IsEqual(Container($PARAM[id]).NumItems,3)">Conditional</animation>
		<animation effect="slide" start="0,0" end="0,260" time="0" condition="Integer.IsEqual(Container($PARAM[id]).NumItems,4)">Conditional</animation>
		<animation effect="slide" start="0,0" end="0,208" time="0" condition="Integer.IsEqual(Container($PARAM[id]).NumItems,5)">Conditional</animation>
		<animation effect="slide" start="0,0" end="0,156" time="0" condition="Integer.IsEqual(Container($PARAM[id]).NumItems,6)">Conditional</animation>
		<animation effect="slide" start="0,0" end="0,104" time="0" condition="Integer.IsEqual(Container($PARAM[id]).NumItems,7)">Conditional</animation>
		<animation effect="slide" start="0,0" end="0,52" time="0" condition="Integer.IsEqual(Container($PARAM[id]).NumItems,8)">Conditional</animation>
		<animation effect="slide" start="0,0" end="0,0" time="0" condition="Integer.IsEqual(Container($PARAM[id]).NumItems,9)">Conditional</animation>
	</include>

	<include name="CenterContext">
		<animation effect="slide" start="0,0" end="0,310" time="0" condition="Integer.IsEqual(Container($PARAM[id]).NumItems,1)">Conditional</animation>
		<animation effect="slide" start="0,0" end="0,280" time="0" condition="Integer.IsEqual(Container($PARAM[id]).NumItems,2)">Conditional</animation>
		<animation effect="slide" start="0,0" end="0,250" time="0" condition="Integer.IsEqual(Container($PARAM[id]).NumItems,3)">Conditional</animation>
		<animation effect="slide" start="0,0" end="0,220" time="0" condition="Integer.IsEqual(Container($PARAM[id]).NumItems,4)">Conditional</animation>
		<animation effect="slide" start="0,0" end="0,190" time="0" condition="Integer.IsEqual(Container($PARAM[id]).NumItems,5)">Conditional</animation>
		<animation effect="slide" start="0,0" end="0,160" time="0" condition="Integer.IsEqual(Container($PARAM[id]).NumItems,6)">Conditional</animation>
		<animation effect="slide" start="0,0" end="0,130" time="0" condition="Integer.IsEqual(Container($PARAM[id]).NumItems,7)">Conditional</animation>
		<animation effect="slide" start="0,0" end="0,100" time="0" condition="Integer.IsEqual(Container($PARAM[id]).NumItems,8)">Conditional</animation>
		<animation effect="slide" start="0,0" end="0,70" time="0" condition="Integer.IsEqual(Container($PARAM[id]).NumItems,9)">Conditional</animation>
		<animation effect="slide" start="0,0" end="0,40" time="0" condition="Integer.IsEqual(Container($PARAM[id]).NumItems,10)">Conditional</animation>
		<animation effect="slide" start="0,0" end="0,10" time="0" condition="Integer.IsEqual(Container($PARAM[id]).NumItems,11)">Conditional</animation>
		<animation effect="slide" start="0,0" end="0,10" time="0" condition="Integer.IsGreater(Container($PARAM[id]).NumItems,11)">Conditional</animation>
	</include>

	<include name="ListLandscapeSlideDownAnimations">
		<param name="main">[Container.Content(movies) | Container.Content(tvshows) | Container.Content(seasons) | Container.Content(episodes) | Container.Content(addons)]</param>
		<param name="alt">![Container.Content(movies) | Container.Content(tvshows) | Container.Content(seasons) | Container.Content(episodes) | Container.Content(addons)]</param>
		<definition>
			<animation effect="slide" start="0,0" end="0,323" time="133" condition="$PARAM[main] + Integer.IsLessOrEqual(Container($PARAM[list_id]).NumItems,2)">Conditional</animation>
			<animation effect="slide" start="0,0" end="0,268" time="133" condition="$PARAM[main] + Integer.IsEqual(Container($PARAM[list_id]).NumItems,3)">Conditional</animation>
			<animation effect="slide" start="0,0" end="0,268" time="133" condition="$PARAM[main] + Integer.IsEqual(Container($PARAM[list_id]).NumItems,4)">Conditional</animation>
			<animation effect="slide" start="0,0" end="0,213" time="133" condition="$PARAM[main] + Integer.IsEqual(Container($PARAM[list_id]).NumItems,5)">Conditional</animation>
			<animation effect="slide" start="0,0" end="0,213" time="133" condition="$PARAM[main] + Integer.IsEqual(Container($PARAM[list_id]).NumItems,6)">Conditional</animation>
			<animation effect="slide" start="0,0" end="0,158" time="133" condition="$PARAM[main] + Integer.IsEqual(Container($PARAM[list_id]).NumItems,7)">Conditional</animation>
			<animation effect="slide" start="0,0" end="0,158" time="133" condition="$PARAM[main] + Integer.IsEqual(Container($PARAM[list_id]).NumItems,8)">Conditional</animation>
			<animation effect="slide" start="0,0" end="0,103" time="133" condition="$PARAM[main] + Integer.IsEqual(Container($PARAM[list_id]).NumItems,9)">Conditional</animation>
			<animation effect="slide" start="0,0" end="0,103" time="133" condition="$PARAM[main] + Integer.IsEqual(Container($PARAM[list_id]).NumItems,10)">Conditional</animation>
			<animation effect="slide" start="0,0" end="0,48" time="133" condition="$PARAM[main] + Integer.IsEqual(Container($PARAM[list_id]).NumItems,11)">Conditional</animation>
			<animation effect="slide" start="0,0" end="0,48" time="133" condition="$PARAM[main] + Integer.IsEqual(Container($PARAM[list_id]).NumItems,12)">Conditional</animation>

			<animation effect="slide" start="0,0" end="0,67" time="133" condition="$PARAM[alt] + Integer.IsEqual(Container($PARAM[list_id]).NumItems,12)">Conditional</animation>
			<animation effect="slide" start="0,0" end="0,67" time="133" condition="$PARAM[alt] + Integer.IsEqual(Container($PARAM[list_id]).NumItems,11)">Conditional</animation>
			<animation effect="slide" start="0,0" end="0,134" time="133" condition="$PARAM[alt] + Integer.IsEqual(Container($PARAM[list_id]).NumItems,10)">Conditional</animation>
			<animation effect="slide" start="0,0" end="0,134" time="133" condition="$PARAM[alt] + Integer.IsEqual(Container($PARAM[list_id]).NumItems,9)">Conditional</animation>
			<animation effect="slide" start="0,0" end="0,201" time="133" condition="$PARAM[alt] + Integer.IsEqual(Container($PARAM[list_id]).NumItems,8)">Conditional</animation>
			<animation effect="slide" start="0,0" end="0,201" time="133" condition="$PARAM[alt] + Integer.IsEqual(Container($PARAM[list_id]).NumItems,7)">Conditional</animation>
			<animation effect="slide" start="0,0" end="0,268" time="133" condition="$PARAM[alt] + Integer.IsEqual(Container($PARAM[list_id]).NumItems,6)">Conditional</animation>
			<animation effect="slide" start="0,0" end="0,268" time="133" condition="$PARAM[alt] + Integer.IsEqual(Container($PARAM[list_id]).NumItems,5)">Conditional</animation>
			<animation effect="slide" start="0,0" end="0,335" time="133" condition="$PARAM[alt] + Integer.IsEqual(Container($PARAM[list_id]).NumItems,4)">Conditional</animation>
			<animation effect="slide" start="0,0" end="0,335" time="133" condition="$PARAM[alt] + Integer.IsEqual(Container($PARAM[list_id]).NumItems,3)">Conditional</animation>
			<animation effect="slide" start="0,0" end="0,402" time="133" condition="$PARAM[alt] + Integer.IsEqual(Container($PARAM[list_id]).NumItems,2)">Conditional</animation>
			<animation effect="slide" start="0,0" end="0,402" time="133" condition="$PARAM[alt] + Integer.IsLessOrEqual(Container($PARAM[list_id]).NumItems,1)">Conditional</animation>
		</definition>
	</include>

	<include name="ListLandscapeSlideUpAnimations">
		<param name="main">[Container.Content(movies) | Container.Content(tvshows) | Container.Content(seasons) | Container.Content(episodes) | Container.Content(addons)]</param>
		<param name="alt">![Container.Content(movies) | Container.Content(tvshows) | Container.Content(seasons) | Container.Content(episodes) | Container.Content(addons)]</param>
		<definition>
			<animation effect="slide" start="0,0" end="0,-48" time="133" condition="$PARAM[main] + Integer.IsEqual(Container($PARAM[list_id]).NumItems,11)">Conditional</animation>
			<animation effect="slide" start="0,0" end="0,-48" time="133" condition="$PARAM[main] + Integer.IsEqual(Container($PARAM[list_id]).NumItems,10)">Conditional</animation>
			<animation effect="slide" start="0,0" end="0,-103" time="133" condition="$PARAM[main] + Integer.IsEqual(Container($PARAM[list_id]).NumItems,9)">Conditional</animation>
			<animation effect="slide" start="0,0" end="0,-103" time="133" condition="$PARAM[main] + Integer.IsEqual(Container($PARAM[list_id]).NumItems,8)">Conditional</animation>
			<animation effect="slide" start="0,0" end="0,-158" time="133" condition="$PARAM[main] + Integer.IsEqual(Container($PARAM[list_id]).NumItems,7)">Conditional</animation>
			<animation effect="slide" start="0,0" end="0,-158" time="133" condition="$PARAM[main] + Integer.IsEqual(Container($PARAM[list_id]).NumItems,6)">Conditional</animation>
			<animation effect="slide" start="0,0" end="0,-213" time="133" condition="$PARAM[main] + Integer.IsEqual(Container($PARAM[list_id]).NumItems,5)">Conditional</animation>
			<animation effect="slide" start="0,0" end="0,-213" time="133" condition="$PARAM[main] + Integer.IsEqual(Container($PARAM[list_id]).NumItems,4)">Conditional</animation>
			<animation effect="slide" start="0,0" end="0,-268" time="133" condition="$PARAM[main] + Integer.IsEqual(Container($PARAM[list_id]).NumItems,3)">Conditional</animation>
			<animation effect="slide" start="0,0" end="0,-268" time="133" condition="$PARAM[main] + Integer.IsEqual(Container($PARAM[list_id]).NumItems,2)">Conditional</animation>
			<animation effect="slide" start="0,0" end="0,-323" time="133" condition="$PARAM[main] + Integer.IsEqual(Container($PARAM[list_id]).NumItems,1)">Conditional</animation>
			<animation effect="slide" start="0,0" end="0,-457" time="133" condition="$PARAM[main] + Integer.IsEqual(Container($PARAM[list_id]).NumItems,0)">Conditional</animation>

			<animation effect="slide" start="0,0" end="0,-67" time="133" condition="$PARAM[alt] + Integer.IsEqual(Container($PARAM[list_id]).NumItems,11)">Conditional</animation>
			<animation effect="slide" start="0,0" end="0,-67" time="133" condition="$PARAM[alt] + Integer.IsEqual(Container($PARAM[list_id]).NumItems,10)">Conditional</animation>
			<animation effect="slide" start="0,0" end="0,-134" time="133" condition="$PARAM[alt] + Integer.IsEqual(Container($PARAM[list_id]).NumItems,9)">Conditional</animation>
			<animation effect="slide" start="0,0" end="0,-134" time="133" condition="$PARAM[alt] + Integer.IsEqual(Container($PARAM[list_id]).NumItems,8)">Conditional</animation>
			<animation effect="slide" start="0,0" end="0,-201" time="133" condition="$PARAM[alt] + Integer.IsEqual(Container($PARAM[list_id]).NumItems,7)">Conditional</animation>
			<animation effect="slide" start="0,0" end="0,-201" time="133" condition="$PARAM[alt] + Integer.IsEqual(Container($PARAM[list_id]).NumItems,6)">Conditional</animation>
			<animation effect="slide" start="0,0" end="0,-268" time="133" condition="$PARAM[alt] + Integer.IsEqual(Container($PARAM[list_id]).NumItems,5)">Conditional</animation>
			<animation effect="slide" start="0,0" end="0,-268" time="133" condition="$PARAM[alt] + Integer.IsEqual(Container($PARAM[list_id]).NumItems,4)">Conditional</animation>
			<animation effect="slide" start="0,0" end="0,-335" time="133" condition="$PARAM[alt] + Integer.IsEqual(Container($PARAM[list_id]).NumItems,3)">Conditional</animation>
			<animation effect="slide" start="0,0" end="0,-335" time="133" condition="$PARAM[alt] + Integer.IsEqual(Container($PARAM[list_id]).NumItems,2)">Conditional</animation>
			<animation effect="slide" start="0,0" end="0,-402" time="133" condition="$PARAM[alt] + Integer.IsLessOrEqual(Container($PARAM[list_id]).NumItems,1)">Conditional</animation>
		</definition>
	</include>

	<include name="ListLandscapeArtworkSlide">
    <animation condition="
        !$EXP[isContent] | Skin.HasSetting(Disable.50_ListSetting0_Ratings) | 
        [
            [String.IsEqual(Skin.String(RatingSlot1),none) | 
                [String.IsEqual(Skin.String(RatingSlot1),metacritic) + String.IsEmpty(Window(Home).Property(altus.metascore))] |
                [String.IsEqual(Skin.String(RatingSlot1),trakt) + String.IsEmpty(Window(Home).Property(altus.traktRating))] |
                [String.IsEqual(Skin.String(RatingSlot1),letterboxd) + String.IsEmpty(Window(Home).Property(altus.letterboxdRating))] |
                [String.IsEqual(Skin.String(RatingSlot1),mdblist) + String.IsEmpty(Window(Home).Property(altus.mdblistRating))] |
                [String.IsEqual(Skin.String(RatingSlot1),rtc) + String.IsEmpty(Window(Home).Property(altus.tomatoMeter))] |
                [String.IsEqual(Skin.String(RatingSlot1),rta) + String.IsEmpty(Window(Home).Property(altus.tomatoUserMeter))] |
                [String.IsEqual(Skin.String(RatingSlot1),imdb) + String.IsEmpty(Window(Home).Property(altus.imdbRating))] |
                [String.IsEqual(Skin.String(RatingSlot1),imdbpop) + String.IsEmpty(Window(Home).Property(altus.popularRating))] |
                [String.IsEqual(Skin.String(RatingSlot1),tmdb) + String.IsEmpty(Window(Home).Property(altus.tmdbRating))]
            ] +
            [String.IsEqual(Skin.String(RatingSlot2),none) | 
                [String.IsEqual(Skin.String(RatingSlot2),metacritic) + String.IsEmpty(Window(Home).Property(altus.metascore))] |
                [String.IsEqual(Skin.String(RatingSlot2),trakt) + String.IsEmpty(Window(Home).Property(altus.traktRating))] |
                [String.IsEqual(Skin.String(RatingSlot2),letterboxd) + String.IsEmpty(Window(Home).Property(altus.letterboxdRating))] |
                [String.IsEqual(Skin.String(RatingSlot2),mdblist) + String.IsEmpty(Window(Home).Property(altus.mdblistRating))] |
                [String.IsEqual(Skin.String(RatingSlot2),rtc) + String.IsEmpty(Window(Home).Property(altus.tomatoMeter))] |
                [String.IsEqual(Skin.String(RatingSlot2),rta) + String.IsEmpty(Window(Home).Property(altus.tomatoUserMeter))] |
                [String.IsEqual(Skin.String(RatingSlot2),imdb) + String.IsEmpty(Window(Home).Property(altus.imdbRating))] |
                [String.IsEqual(Skin.String(RatingSlot2),imdbpop) + String.IsEmpty(Window(Home).Property(altus.popularRating))] |
                [String.IsEqual(Skin.String(RatingSlot2),tmdb) + String.IsEmpty(Window(Home).Property(altus.tmdbRating))]
            ] +
            [String.IsEqual(Skin.String(RatingSlot3),none) | 
                [String.IsEqual(Skin.String(RatingSlot3),metacritic) + String.IsEmpty(Window(Home).Property(altus.metascore))] |
                [String.IsEqual(Skin.String(RatingSlot3),trakt) + String.IsEmpty(Window(Home).Property(altus.traktRating))] |
                [String.IsEqual(Skin.String(RatingSlot3),letterboxd) + String.IsEmpty(Window(Home).Property(altus.letterboxdRating))] |
                [String.IsEqual(Skin.String(RatingSlot3),mdblist) + String.IsEmpty(Window(Home).Property(altus.mdblistRating))] |
                [String.IsEqual(Skin.String(RatingSlot3),rtc) + String.IsEmpty(Window(Home).Property(altus.tomatoMeter))] |
                [String.IsEqual(Skin.String(RatingSlot3),rta) + String.IsEmpty(Window(Home).Property(altus.tomatoUserMeter))] |
                [String.IsEqual(Skin.String(RatingSlot3),imdb) + String.IsEmpty(Window(Home).Property(altus.imdbRating))] |
                [String.IsEqual(Skin.String(RatingSlot3),imdbpop) + String.IsEmpty(Window(Home).Property(altus.popularRating))] |
                [String.IsEqual(Skin.String(RatingSlot3),tmdb) + String.IsEmpty(Window(Home).Property(altus.tmdbRating))]
            ] +
            [String.IsEqual(Skin.String(RatingSlot4),none) | 
                [String.IsEqual(Skin.String(RatingSlot4),metacritic) + String.IsEmpty(Window(Home).Property(altus.metascore))] |
                [String.IsEqual(Skin.String(RatingSlot4),trakt) + String.IsEmpty(Window(Home).Property(altus.traktRating))] |
                [String.IsEqual(Skin.String(RatingSlot4),letterboxd) + String.IsEmpty(Window(Home).Property(altus.letterboxdRating))] |
                [String.IsEqual(Skin.String(RatingSlot4),mdblist) + String.IsEmpty(Window(Home).Property(altus.mdblistRating))] |
                [String.IsEqual(Skin.String(RatingSlot4),rtc) + String.IsEmpty(Window(Home).Property(altus.tomatoMeter))] |
                [String.IsEqual(Skin.String(RatingSlot4),rta) + String.IsEmpty(Window(Home).Property(altus.tomatoUserMeter))] |
                [String.IsEqual(Skin.String(RatingSlot4),imdb) + String.IsEmpty(Window(Home).Property(altus.imdbRating))] |
                [String.IsEqual(Skin.String(RatingSlot4),imdbpop) + String.IsEmpty(Window(Home).Property(altus.popularRating))] |
                [String.IsEqual(Skin.String(RatingSlot4),tmdb) + String.IsEmpty(Window(Home).Property(altus.tmdbRating))]
            ] +
            [String.IsEqual(Skin.String(RatingSlot5),none) | 
                [String.IsEqual(Skin.String(RatingSlot5),metacritic) + String.IsEmpty(Window(Home).Property(altus.metascore))] |
                [String.IsEqual(Skin.String(RatingSlot5),trakt) + String.IsEmpty(Window(Home).Property(altus.traktRating))] |
                [String.IsEqual(Skin.String(RatingSlot5),letterboxd) + String.IsEmpty(Window(Home).Property(altus.letterboxdRating))] |
                [String.IsEqual(Skin.String(RatingSlot5),mdblist) + String.IsEmpty(Window(Home).Property(altus.mdblistRating))] |
                [String.IsEqual(Skin.String(RatingSlot5),rtc) + String.IsEmpty(Window(Home).Property(altus.tomatoMeter))] |
                [String.IsEqual(Skin.String(RatingSlot5),rta) + String.IsEmpty(Window(Home).Property(altus.tomatoUserMeter))] |
                [String.IsEqual(Skin.String(RatingSlot5),imdb) + String.IsEmpty(Window(Home).Property(altus.imdbRating))] |
                [String.IsEqual(Skin.String(RatingSlot5),imdbpop) + String.IsEmpty(Window(Home).Property(altus.popularRating))] |
                [String.IsEqual(Skin.String(RatingSlot5),tmdb) + String.IsEmpty(Window(Home).Property(altus.tmdbRating))]
            ] +
            [String.IsEqual(Skin.String(RatingSlot6),none) | 
                [String.IsEqual(Skin.String(RatingSlot6),metacritic) + String.IsEmpty(Window(Home).Property(altus.metascore))] |
                [String.IsEqual(Skin.String(RatingSlot6),trakt) + String.IsEmpty(Window(Home).Property(altus.traktRating))] |
                [String.IsEqual(Skin.String(RatingSlot6),letterboxd) + String.IsEmpty(Window(Home).Property(altus.letterboxdRating))] |
                [String.IsEqual(Skin.String(RatingSlot6),mdblist) + String.IsEmpty(Window(Home).Property(altus.mdblistRating))] |
                [String.IsEqual(Skin.String(RatingSlot6),rtc) + String.IsEmpty(Window(Home).Property(altus.tomatoMeter))] |
                [String.IsEqual(Skin.String(RatingSlot6),rta) + String.IsEmpty(Window(Home).Property(altus.tomatoUserMeter))] |
                [String.IsEqual(Skin.String(RatingSlot6),imdb) + String.IsEmpty(Window(Home).Property(altus.imdbRating))] |
                [String.IsEqual(Skin.String(RatingSlot6),imdbpop) + String.IsEmpty(Window(Home).Property(altus.popularRating))] |
                [String.IsEqual(Skin.String(RatingSlot6),tmdb) + String.IsEmpty(Window(Home).Property(altus.tmdbRating))]
            ] +
            [String.IsEqual(Skin.String(RatingSlot7),none) | 
                [String.IsEqual(Skin.String(RatingSlot7),metacritic) + String.IsEmpty(Window(Home).Property(altus.metascore))] |
                [String.IsEqual(Skin.String(RatingSlot7),trakt) + String.IsEmpty(Window(Home).Property(altus.traktRating))] |
                [String.IsEqual(Skin.String(RatingSlot7),letterboxd) + String.IsEmpty(Window(Home).Property(altus.letterboxdRating))] |
                [String.IsEqual(Skin.String(RatingSlot7),mdblist) + String.IsEmpty(Window(Home).Property(altus.mdblistRating))] |
                [String.IsEqual(Skin.String(RatingSlot7),rtc) + String.IsEmpty(Window(Home).Property(altus.tomatoMeter))] |
                [String.IsEqual(Skin.String(RatingSlot7),rta) + String.IsEmpty(Window(Home).Property(altus.tomatoUserMeter))] |
                [String.IsEqual(Skin.String(RatingSlot7),imdb) + String.IsEmpty(Window(Home).Property(altus.imdbRating))] |
                [String.IsEqual(Skin.String(RatingSlot7),imdbpop) + String.IsEmpty(Window(Home).Property(altus.popularRating))] |
                [String.IsEqual(Skin.String(RatingSlot7),tmdb) + String.IsEmpty(Window(Home).Property(altus.tmdbRating))]
            ]
        ]" 
        reversible="true">
        <effect type="slide" start="0,0" end="0,-38.5" time="500" tween="cubic" easing="inout" />
    </animation>
	</include>

	<!-- <include name="TrailerPlayingFade">
		<animation effect="fade" start="100" end="30" time="700" condition="!Control.IsVisible(50) + Player.HasMedia + !String.IsEmpty(Skin.String(TrailerPlaying))">Conditional</animation>
	</include> -->

	<include name="MainMenuAnimations">
		<animation condition="!ControlGroup(2000).HasFocus + !Control.IsVisible(20000) + !Control.IsVisible(20001)" reversible="true">
			<effect type="slide" start="0,0" end="498,0" time="400" tween="cubic" easing="inout" />
		</animation>
	</include>

	<include name="WidgetZoomAnimation">
		<param name="c1">0</param>
		<definition>
			<animation condition="!Control.HasFocus($PARAM[list_id]) + ControlGroup(2000).HasFocus" reversible="true">
				<effect type="zoom" center="$PARAM[c1],$PARAM[c2]" end="95,95" time="500" tween="cubic" easing="inout"  />
			</animation>
		</definition>
	</include>

	<animation effect="zoom" condition="">conditional</animation>

	<include name="AddonsMenuAnimations">
		<animation condition="!ControlGroup(400).HasFocus" reversible="true">
			<effect type="slide" start="0,0" end="442,0" time="400" tween="cubic" easing="inout" />
		</animation>
	</include>

	<include name="SearchMenuAnimations">
		<animation condition="!ControlGroup(2000).HasFocus" reversible="true">
			<effect type="slide" start="0,0" end="498,0" time="400" tween="cubic" easing="inout" />
		</animation>
	</include>

	<include name="ArtworkAnimations">
		<animation effect="fade" start="0" end="100" time="400">WindowOpen</animation>
		<animation effect="fade" start="100" end="0" time="300">WindowClose</animation>
		<animation effect="fade" time="400">VisibleChange</animation>
	</include>

	<include name="WidgetNavigationAnimations">
		<animation effect="fade" start="0" end="100" time="500"  tween="cubic" easing="inout" reversible="false">Visible</animation>
		<animation effect="fade" start="0" end="100" time="500"  tween="cubic" easing="inout">WindowOpen</animation>
	</include>

	<include name="ViewUnfocusedAnimations">
    <animation condition="Skin.HasSetting(Enable.$PARAM[id]Dim) + String.IsEqual(Skin.String(BackgroundSetting),1)" reversible="true">
			<effect type="fadediffuse" start="FFE9E9E9" end="FF777777" time="0" />
    </animation>
    <animation condition="Skin.HasSetting(Enable.$PARAM[id]Dim) + [String.IsEqual(Skin.String(BackgroundSetting),0) | String.IsEqual(Skin.String(BackgroundSetting),2)]" reversible="true">
			<effect type="fade" start="100" end="50" time="0" tween="sine" easing="inout" />
			<!-- <effect type="fadediffuse" start="FFE9E9E9" end="FF777777" time="0" /> -->
    </animation>
	</include>

	<include name="WidgetUnfocusedAnimations">
    <animation condition="!Skin.HasSetting(Disable.WidgetDimming) + String.IsEqual(Skin.String(BackgroundSetting),1) + String.IsEmpty(Skin.String(TrailerPlaying)) + ![Control.HasFocus($PARAM[list_id]) | Control.HasFocus($PARAM[list_id]1) | String.IsEqual(Window(Home).Property(altus_child_id),$PARAM[list_id])] + ControlGroup(2000).HasFocus" reversible="true">
			<effect type="fadediffuse" start="FFE9E9E9" end="FF777777" time="300" />
    </animation>
    <animation condition="!Skin.HasSetting(Disable.WidgetDimming) + [String.IsEqual(Skin.String(BackgroundSetting),0) | String.IsEqual(Skin.String(BackgroundSetting),2)] + String.IsEmpty(Skin.String(TrailerPlaying)) + ![Control.HasFocus($PARAM[list_id]) | Control.HasFocus($PARAM[list_id]1) | String.IsEqual(Window(Home).Property(altus_child_id),$PARAM[list_id])] + ControlGroup(2000).HasFocus" reversible="true">
			<effect type="fade" start="100" end="40" time="300" tween="sine" easing="inout" />
			<!-- <effect type="fadediffuse" start="FFE9E9E9" end="FF777777" time="300" /> -->
    </animation>
	</include>

	<include name="StackedWidgetAnimations">
		<animation condition="!Skin.HasSetting(Disable.WidgetDimming) + String.IsEqual(Skin.String(BackgroundSetting),1) + String.IsEmpty(Skin.String(TrailerPlaying)) + ![Control.HasFocus($PARAM[list_id]) | Control.HasFocus($PARAM[list_id]1) | String.IsEqual(Window(Home).Property(altus_child_id),$PARAM[list_id])] + ControlGroup(2000).HasFocus" reversible="true">
			<effect type="fadediffuse" start="FFE9E9E9" end="FF777777" time="300" />
    </animation>
		<animation condition="!Skin.HasSetting(Disable.WidgetDimming) + [String.IsEqual(Skin.String(BackgroundSetting),0) | String.IsEqual(Skin.String(BackgroundSetting),2)] + String.IsEmpty(Skin.String(TrailerPlaying)) + ![Control.HasFocus($PARAM[list_id]) | Control.HasFocus($PARAM[list_id]1) | String.IsEqual(Window(Home).Property(altus_child_id),$PARAM[list_id])] + ControlGroup(2000).HasFocus" reversible="true">
			<effect type="fade" start="100" end="40" time="300" tween="sine" easing="inout" />
			<!-- <effect type="fadediffuse" start="FFE9E9E9" end="FF777777" time="300" /> -->
    </animation>
		<animation condition="Container($PARAM[list_id]).IsUpdating" reversible="true" pulse="true">
			<effect type="fade" start="100" end="80" time="700" tween="sine" easing="inout" />
			<effect type="fadediffuse" start="FFE9E9E9" end="FF777777" time="700" />
		</animation>
	</include>

	<include name="SpotlightAnimations">
		<animation condition="!String.IsEmpty(Window(Home).Property(SpotlightWidget)) + Integer.IsGreaterOrEqual($PARAM[list_id],Window(Home).Property(altus_saved_list_id))" reversible="false">
			<effect type="fade" start="0" end="100" time="600" />
		</animation>
		<animation condition="!String.IsEmpty(Window(Home).Property(SpotlightWidget)) + Integer.IsLess($PARAM[list_id],Window(Home).Property(altus_saved_list_id))" reversible="false">
			<effect type="fade" start="100" end="0" time="400" />
		</animation>
	</include>

	<include name="SpotlightAnimations_Stacked">
		<animation condition="!String.IsEmpty(Window(Home).Property(SpotlightWidget))" reversible="true">
			<effect type="fade" start="100" end="0" time="500" tween="cubic" easing="out"/>
		</animation>
	</include>

	<include name="SpotlightAnimations_Fade">
		<animation effect="fade" start="100" end="0" time="500" tween="cubic" easing="in" condition="!String.IsEmpty(Window(Home).Property(SpotlightWidget)) + Control.HasFocus($PARAM[list_id])">Conditional</animation>
		<animation effect="fade" start="0" end="100" time="500" tween="cubic" easing="in" condition="String.IsEmpty(Window(Home).Property(SpotlightWidget)) | !Control.HasFocus($PARAM[list_id])">Conditional</animation>
	</include>

</includes>
