<?xml version="1.0" encoding="UTF-8"?>
<window>
	<defaultcontrol always="true">50</defaultcontrol>
	<menucontrol>9000</menucontrol>
	<views>50</views>
	<controls>
		<include>DefaultBackground</include>
		<control type="group">
			<animation effect="fade" start="100" end="0" time="200" tween="sine" condition="$EXP[infodialog_active]">Conditional</animation>
			<control type="group">
				<include>OpenClose_Left</include>
				<include>Visible_Left</include>
				<control type="fixedlist" id="50">
					<left>0</left>
					<right>918</right>
					<align>center</align>
					<top>105</top>
					<bottom>0</bottom>
					<onleft>9000</onleft>
					<onright>73</onright>
					<onup>50</onup>
					<ondown>50</ondown>
					<movement>12</movement>
					<focusposition>4</focusposition>
					<pagecontrol>73</pagecontrol>
					<scrolltime tween="cubic" easing="out">500</scrolltime>
					<include content="PVRListItemLayouts">
						<param name="list_id" value="50" />
						<param name="only_label_condition" value="String.IsEmpty(ListItem.Date)" />
						<param name="info_icon" value="$VAR[ListPVRTimersIconVar]" />
						<param name="has_info_icon" value="true" />
						<param name="label1" value="$INFO[ListItem.Label]" />
						<param name="label2" value="$INFO[ListItem.Date]" />
					</include>
				</control>
			</control>
			<control type="group">
				<depth>DepthContentPanel</depth>
				<include>OpenClose_Right</include>
				<width>870</width>
				<right>0</right>
				<include content="MenuContentPanel">
					<param name="bg_left" value="-72"/>
					<param name="width" value="970"/>
					<param name="dividerleft" value="-72"/>
				</include>
				<control type="scrollbar" id="73">
					<left>-76</left>
					<top>0</top>
					<width>8</width>
					<bottom>-15</bottom>
					<onleft>50</onleft>
					<onright>50</onright>
					<orientation>vertical</orientation>
					<!-- <animation effect="zoom" start="99,100" end="100,100" center="-80,0" time="300" tween="sine" easing="inout" condition="!Control.HasFocus(73)">conditional</animation> -->
				</control>
				<!-- <include content="PVRInfoPanel">
					<param name="folder_sortorder" value="ascending" />
				</include> -->
				<include>PVRInfoPanel</include>
			</control>
		</control>
		<include content="TopBar">
			<param name="breadcrumbs_label" value="$VAR[BreadcrumbsPVRTimersVar]" />
		</include>
		<!-- <include content="BottomBar">
			<param name="info_visible" value="true" />
		</include> -->
		<control type="label">
			<right>20</right>
			<include>OpenClose_Right</include>
			<bottom>10</bottom>
			<width>850</width>
			<height>60</height>
			<label>$INFO[PVR.NextTimer]</label>
			<shadowcolor>black</shadowcolor>
			<align>right</align>
			<aligny>center</aligny>
			<wrapmultiline>true</wrapmultiline>
			<font>font27</font>
		</control>
		<control type="group">
			<include>MediaMenuCommon</include>
			<include>PVRSideBar</include>
		</control>
		<control type="label" id="29">
			<font></font>
			<include>HiddenObject</include>
		</control>
		<control type="label" id="30">
			<font></font>
			<include>HiddenObject</include>
		</control>
	</controls>
</window>
