<?xml version="1.0" encoding="UTF-8"?>
<window>
	<defaultcontrol>9000</defaultcontrol>
	<backgroundcolor>background</backgroundcolor>
	<onload>RunScript(script.altus.helper, mode=calculate_cache_size)</onload>
	<!-- <onload>RunScript(script.altus.helper,mode=getkodisettings&amp;window_id=10035&amp;altus_kodisetting_language=locale.language&amp;altus_kodisetting_country=locale.country&amp;altus_kodisetting_screensaver=screensaver.mode&amp;altus_kodisetting_audiolang=locale.audiolanguage&amp;altus_kodisetting_vidprefer=videoplayer.preferdefaultflag&amp;altus_kodisetting_subtitlelang=locale.subtitlelanguage&amp;altus_kodisetting_weather=weather.addon)</onload> -->
	<onload>ClearProperty(SpotlightWidget,Home)</onload>
	<onload>ClearProperty(altus_saved_list_id,Home)</onload>
	<onload>ClearProperty(altus_stacked_saved_list_id,Home)</onload>
	<controls>
		<include>DefaultBackground</include>
		<control type="group" id="10000">
			<left>470</left>
			<include>OpenClose_Right</include>
			<include content="MenuContentPanel">
				<param name="bg_left" value="980" />
				<param name="width" value="470" />
				<param name="dividerleft" value="980" />
				<!-- <param name="color" value="4D000000" /> -->
			</include>
			<control type="grouplist" id="610">
				<top>133</top>
				<left>0</left>
				<right>470</right>
				<bottom>37</bottom>
				<onleft>9000</onleft>
				<onright>60</onright>
				<onup>610</onup>
				<pagecontrol>60</pagecontrol>
				<ondown>610</ondown>
				<visible>Container(9000).HasFocus(1)</visible>
				<control type="button" id="624">
					<label>Remake menus and widgets</label>
					<include>DefaultSettingButton</include>
					<onclick>RunScript(script.altus.helper,mode=remake_all_cpaths)</onclick>
				</control>
				<!-- MOVIES -->
				<control type="radiobutton" id="6240">
					<label>$INFO[Skin.String(MenuMovieLabel)]</label>
					<include>DefaultSettingButton</include>
					<selected>!Skin.HasSetting(HomeMenuNoMoviesButton)</selected>
					<onclick>Skin.ToggleSetting(HomeMenuNoMoviesButton)</onclick>
				</control>
				<control type="button" id="6241">
					<label>   - Set main menu path</label>
					<include>DefaultSettingButton</include>
					<onclick>RunScript(script.altus.helper,mode=manage_main_menu_path&amp;cpath_setting=movie.main_menu)</onclick>
					<visible>!Skin.HasSetting(HomeMenuNoMoviesButton)</visible>
				</control>
				<control type="button" id="6242">
					<label>   - Set widgets</label>
					<include>DefaultSettingButton</include>
					<onclick>RunScript(script.altus.helper,mode=manage_widgets&amp;cpath_setting=movie.widget)</onclick>
					<visible>!Skin.HasSetting(HomeMenuNoMoviesButton)</visible>
				</control>
				<!-- TV SHOWS -->
				<control type="radiobutton" id="625">
					<label>$INFO[Skin.String(MenuTVShowLabel)]</label>
					<include>DefaultSettingButton</include>
					<selected>!Skin.HasSetting(HomeMenuNoTVShowsButton)</selected>
					<onclick>Skin.ToggleSetting(HomeMenuNoTVShowsButton)</onclick>
				</control>
				<control type="button" id="6250">
					<label>   - Set main menu path</label>
					<include>DefaultSettingButton</include>
					<onclick>RunScript(script.altus.helper,mode=manage_main_menu_path&amp;cpath_setting=tvshow.main_menu)</onclick>
					<visible>!Skin.HasSetting(HomeMenuNoTVShowsButton)</visible>
				</control>
				<control type="button" id="6251">
					<label>   - Set widgets</label>
					<include>DefaultSettingButton</include>
					<onclick>RunScript(script.altus.helper,mode=manage_widgets&amp;cpath_setting=tvshow.widget)</onclick>
					<visible>!Skin.HasSetting(HomeMenuNoTVShowsButton)</visible>
				</control>
				<!-- CUSTOM 1 -->
				<control type="radiobutton" id="626">
					<label>$INFO[Skin.String(MenuCustom1Label)]</label>
					<include>DefaultSettingButton</include>
					<selected>!Skin.HasSetting(HomeMenuNoCustom1Button)</selected>
					<onclick>Skin.ToggleSetting(HomeMenuNoCustom1Button)</onclick>
				</control>
				<control type="button" id="6260">
					<label>   - Set main menu path</label>
					<include>DefaultSettingButton</include>
					<onclick>RunScript(script.altus.helper,mode=manage_main_menu_path&amp;cpath_setting=custom1.main_menu)</onclick>
					<visible>!Skin.HasSetting(HomeMenuNoCustom1Button)</visible>
				</control>
				<control type="button" id="6261">
					<label>   - Set widgets</label>
					<include>DefaultSettingButton</include>
					<onclick>RunScript(script.altus.helper,mode=manage_widgets&amp;cpath_setting=custom1.widget)</onclick>
					<visible>!Skin.HasSetting(HomeMenuNoCustom1Button)</visible>
				</control>
				<!-- CUSTOM 2 -->
				<control type="radiobutton" id="627">
					<label>$INFO[Skin.String(MenuCustom2Label)]</label>
					<include>DefaultSettingButton</include>
					<selected>!Skin.HasSetting(HomeMenuNoCustom2Button)</selected>
					<onclick>Skin.ToggleSetting(HomeMenuNoCustom2Button)</onclick>
				</control>
				<control type="button" id="6270">
					<label>   - Set main menu path</label>
					<include>DefaultSettingButton</include>
					<onclick>RunScript(script.altus.helper,mode=manage_main_menu_path&amp;cpath_setting=custom2.main_menu)</onclick>
					<visible>!Skin.HasSetting(HomeMenuNoCustom2Button)</visible>
				</control>
				<control type="button" id="6271">
					<label>   - Set widgets</label>
					<include>DefaultSettingButton</include>
					<onclick>RunScript(script.altus.helper,mode=manage_widgets&amp;cpath_setting=custom2.widget)</onclick>
					<visible>!Skin.HasSetting(HomeMenuNoCustom2Button)</visible>
				</control>
				<!-- CUSTOM 3 -->
				<control type="radiobutton" id="628">
					<label>$INFO[Skin.String(MenuCustom3Label)]</label>
					<include>DefaultSettingButton</include>
					<selected>!Skin.HasSetting(HomeMenuNoCustom3Button)</selected>
					<onclick>Skin.ToggleSetting(HomeMenuNoCustom3Button)</onclick>
				</control>
				<control type="button" id="6280">
					<label>   - Set main menu path</label>
					<include>DefaultSettingButton</include>
					<onclick>RunScript(script.altus.helper,mode=manage_main_menu_path&amp;cpath_setting=custom3.main_menu)</onclick>
					<visible>!Skin.HasSetting(HomeMenuNoCustom3Button)</visible>
				</control>
				<control type="button" id="6281">
					<label>   - Set widgets</label>
					<include>DefaultSettingButton</include>
					<onclick>RunScript(script.altus.helper,mode=manage_widgets&amp;cpath_setting=custom3.widget)</onclick>
					<visible>!Skin.HasSetting(HomeMenuNoCustom3Button)</visible>
				</control>
				<!-- MUSIC -->
				<control type="radiobutton" id="629">
					<label>$LOCALIZE[31008]</label>
					<include>DefaultSettingButton</include>
					<selected>!Skin.HasSetting(home_no_categories_widget)</selected>
					<onclick>Skin.ToggleSetting(home_no_categories_widget)</onclick>
				</control>
				<control type="radiobutton" id="6290">
					<label>$LOCALIZE[2]</label>
					<include>DefaultSettingButton</include>
					<selected>!Skin.HasSetting(HomeMenuNoMusicButton)</selected>
					<onclick>Skin.ToggleSetting(HomeMenuNoMusicButton)</onclick>
				</control>
				<!-- MUSIC VIDEOS -->
				<control type="radiobutton" id="6291">
					<label>$LOCALIZE[20389]</label>
					<include>DefaultSettingButton</include>
					<selected>!Skin.HasSetting(HomeMenuNoMusicVideoButton)</selected>
					<onclick>Skin.ToggleSetting(HomeMenuNoMusicVideoButton)</onclick>
				</control>
				<!-- PVR -->
				<control type="radiobutton" id="6292">
					<label>$LOCALIZE[19020]</label>
					<include>DefaultSettingButton</include>
					<selected>!Skin.HasSetting(HomeMenuNoTVButton)</selected>
					<onclick>Skin.ToggleSetting(HomeMenuNoTVButton)</onclick>
				</control>
				<!-- radio -->
				<control type="radiobutton" id="6293">
					<label>$LOCALIZE[19021]</label>
					<include>DefaultSettingButton</include>
					<selected>!Skin.HasSetting(HomeMenuNoRadioButton)</selected>
					<onclick>Skin.ToggleSetting(HomeMenuNoRadioButton)</onclick>
				</control>
				<!-- addons -->
				<control type="radiobutton" id="6294">
					<label>$LOCALIZE[24001]</label>
					<include>DefaultSettingButton</include>
					<selected>!Skin.HasSetting(HomeMenuNoProgramsButton)</selected>
					<onclick>Skin.ToggleSetting(HomeMenuNoProgramsButton)</onclick>
				</control>
				<!-- pictures -->
				<control type="radiobutton" id="6295">
					<label>$LOCALIZE[1]</label>
					<include>DefaultSettingButton</include>
					<selected>!Skin.HasSetting(HomeMenuNoPicturesButton)</selected>
					<onclick>Skin.ToggleSetting(HomeMenuNoPicturesButton)</onclick>
				</control>
				<!-- videos -->
				<control type="radiobutton" id="6296">
					<label>$LOCALIZE[3]</label>
					<include>DefaultSettingButton</include>
					<selected>!Skin.HasSetting(HomeMenuNoVideosButton)</selected>
					<onclick>Skin.ToggleSetting(HomeMenuNoVideosButton)</onclick>
				</control>
				<!-- games -->
				<control type="radiobutton" id="6297">
					<label>$LOCALIZE[15016]</label>
					<visible>System.GetBool(gamesgeneral.enable)</visible>
					<include>DefaultSettingButton</include>
					<selected>!Skin.HasSetting(HomeMenuNoGamesButton)</selected>
					<onclick>Skin.ToggleSetting(HomeMenuNoGamesButton)</onclick>
				</control>
				<!-- favorites -->
				<control type="radiobutton" id="6298">
					<label>$LOCALIZE[10134]</label>
					<include>DefaultSettingButton</include>
					<selected>!Skin.HasSetting(HomeMenuNoFavButton)</selected>
					<onclick>Skin.ToggleSetting(HomeMenuNoFavButton)</onclick>
				</control>
				<!-- weather -->
				<control type="radiobutton" id="6299">
					<label>$LOCALIZE[8]</label>
					<include>DefaultSettingButton</include>
					<selected>!Skin.HasSetting(HomeMenuNoWeatherButton)</selected>
					<onclick>Skin.ToggleSetting(HomeMenuNoWeatherButton)</onclick>
				</control>
			</control>

			<control type="grouplist" id="637">
				<top>133</top>
				<left>0</left>
				<right>470</right>
				<bottom>37</bottom>
				<onleft>9000</onleft>
				<onright>60</onright>
				<onup>637</onup>
				<pagecontrol>60</pagecontrol>
				<ondown>637</ondown>
				<visible>Container(9000).HasFocus(2)</visible>
				<!-- POWER BUTTON BEHAVIOR -->
				<control type="button" id="63701">
					<label>Default power button behavior</label>
					<label2>$VAR[OneClickCloseVar]</label2>
					<include>DefaultSettingButton</include>
					<onclick>Skin.ToggleSetting(OneClickClose)</onclick>
					<selected>Skin.HasSetting(OneClickClose)</selected>
				</control>
				<!-- HOMESCREEN ON BACK -->
				<control type="button" id="63702">
					<label>Home screen on back action</label>
					<label2>$VAR[OnBackSettingVar]</label2>
					<include>DefaultSettingButton</include>
					<onclick>$VAR[OnBackSettingToggleVar]</onclick>
				</control>
				<!-- HOMESCREEN ON LEFT -->
				<control type="button" id="63703">
					<label>Home screen on left action</label>
					<label2>$VAR[OnLeftSettingVar]</label2>
					<include>DefaultSettingButton</include>
					<onclick>$VAR[OnLeftSettingToggleVar]</onclick>
				</control>
				<!-- MENU ITEMS CASE -->
				<control type="button" id="63704">
					<label>Menu items case</label>
					<label2>$VAR[MenuCaseSettingVar]</label2>
					<include>DefaultSettingButton</include>
					<onclick>$VAR[MenuCaseToggleVar]</onclick>
				</control>
				<!-- FOCUS COLOR THEME -->
				<control type="button" id="63705">
					<label>Color theme</label>
					<label2>$VAR[FocusColorThemeSettingVar]</label2>
					<include>DefaultSettingButton</include>
					<onclick>$VAR[FocusColorThemeToggleVar]</onclick>
				</control>
				<!-- CLOCK -->
				<control type="radiobutton" id="63706">
					<label>Show current time in InfoLine</label>
					<include>DefaultSettingButton</include>
					<selected>Skin.HasSetting(Enable.ClockCrumbs)</selected>
					<onclick>Skin.ToggleSetting(Enable.ClockCrumbs)</onclick>
				</control>
				<!-- ITEM TITLE -->
				<control type="radiobutton" id="63707">
					<label>Show item title in InfoLine</label>
					<include>DefaultSettingButton</include>
					<selected>!Skin.HasSetting(Disable.WidgetInfoLineTitle)</selected>
					<onclick>Skin.ToggleSetting(Disable.WidgetInfoLineTitle)</onclick>
				</control>
				<!-- STUDIO LOGO -->
				<control type="button" id="63708">
					<label>Studio logos</label>
					<label2>$VAR[StudioLogoColorSettingVar]</label2>
					<include>DefaultSettingButton</include>
					<onclick>$VAR[StudioLogoColorToggleVar]</onclick>
					<onclick condition="String.IsEqual(Skin.String(StudioLogoColorSetting),2) + !System.HasAddon(resource.images.studios.coloured)">InstallAddon(resource.images.studios.coloured)</onclick>
				</control>
				<!-- FOCUS ANIMATIONS -->
				<control type="radiobutton" id="63709">
					<label>Enable focus animations</label>
					<include>DefaultSettingButton</include>
					<selected>!Skin.HasSetting(Disable.FocusAnimations)</selected>
					<onclick>Skin.ToggleSetting(Disable.FocusAnimations)</onclick>
				</control>
				<!-- PVR ANIMATIONS -->
				<control type="radiobutton" id="63710">
					<label>Enable PVR animations</label>
					<include>DefaultSettingButton</include>
					<selected>!Skin.HasSetting(Disable.PVRAnimations)</selected>
					<onclick>Skin.ToggleSetting(Disable.PVRAnimations)</onclick>
				</control>
			</control>

			<control type="grouplist" id="647">
				<top>133</top>
				<left>0</left>
				<right>470</right>
				<bottom>37</bottom>
				<onleft>9000</onleft>
				<onright>60</onright>
				<onup>647</onup>
				<pagecontrol>60</pagecontrol>
				<ondown>647</ondown>
				<visible>Container(9000).HasFocus(3)</visible>
				<!-- SEARCH OPTIONS -->
				<control type="button" id="64700">
					<label>Set Search Provider</label>
					<label2>$VAR[CurrentSearchProviderVar]</label2>
					<include>DefaultSettingButton</include>
					<onclick>$VAR[CurrentSearchProviderToggleVar]</onclick>
				</control>
				<control type="button" id="64701">
					<label>Home screen search icon opens...</label>
					<label2>$VAR[SearchSettingVar]</label2>
					<include>DefaultSettingButton</include>
					<onclick>$VAR[SearchToggleVar]</onclick>
				</control>
				<control type="radiobutton" id="64702">
					<label>   - $LOCALIZE[342]</label>
					<include>DefaultSettingButton</include>
					<onclick>Skin.ToggleSetting(HideMovieResults)</onclick>
					<selected>!Skin.HasSetting(HideMovieResults)</selected>
					<visible>String.IsEqual(Skin.String(SearchSetting),0)</visible>
				</control>
				<control type="radiobutton" id="64703">
					<label>   - TV Shows</label>
					<!-- <label>   - $LOCALIZE[20343]</label> -->
					<include>DefaultSettingButton</include>
					<onclick>Skin.ToggleSetting(HideTVShowResults)</onclick>
					<selected>!Skin.HasSetting(HideTVShowResults)</selected>
					<visible>String.IsEqual(Skin.String(SearchSetting),0)</visible>
				</control>
				<control type="radiobutton" id="64704">
					<label>   - Anime</label>
					<include>DefaultSettingButton</include>
					<onclick>Skin.ToggleSetting(HideAnimeResults)</onclick>
					<selected>!Skin.HasSetting(HideAnimeResults)</selected>
					<visible>String.IsEqual(Skin.String(SearchSetting),0) + String.IsEqual(Skin.String(current_search_provider),1)</visible>
				</control>
				<control type="radiobutton" id="64705">
					<label>   - Collections</label>
					<include>DefaultSettingButton</include>
					<onclick>Skin.ToggleSetting(HideCollectionsResults)</onclick>
					<selected>!Skin.HasSetting(HideCollectionsResults)</selected>
					<visible>String.IsEqual(Skin.String(SearchSetting),0) + [String.IsEqual(Skin.String(current_search_provider),0) | String.IsEqual(Skin.String(current_search_provider),3)]</visible>
				</control>
				<control type="radiobutton" id="64706">
					<label>   - Actors/Actresses</label>
					<include>DefaultSettingButton</include>
					<onclick>Skin.ToggleSetting(HidePeopleResults)</onclick>
					<selected>!Skin.HasSetting(HidePeopleResults)</selected>
					<visible>String.IsEqual(Skin.String(SearchSetting),0) + [String.IsEqual(Skin.String(current_search_provider),0) | String.IsEqual(Skin.String(current_search_provider),1) | String.IsEqual(Skin.String(current_search_provider),3)]</visible>
				</control>
				<control type="radiobutton" id="64707">
					<label>   - Actors/Actresses (Movies)</label>
					<include>DefaultSettingButton</include>
					<onclick>Skin.ToggleSetting(HideUmbrellaPeopleMovieResults)</onclick>
					<selected>!Skin.HasSetting(HideUmbrellaPeopleMovieResults)</selected>
					<visible>String.IsEqual(Skin.String(SearchSetting),0) + String.IsEqual(Skin.String(current_search_provider),2)</visible>
				</control>
				<control type="radiobutton" id="64708">
					<label>   - Actors/Actresses (TV Shows)</label>
					<include>DefaultSettingButton</include>
					<onclick>Skin.ToggleSetting(HideUmbrellaPeopleTVResults)</onclick>
					<selected>!Skin.HasSetting(HideUmbrellaPeopleTVResults)</selected>
					<visible>String.IsEqual(Skin.String(SearchSetting),0) + String.IsEqual(Skin.String(current_search_provider),2)</visible>
				</control>
				<control type="radiobutton" id="64709">
					<label>   - $VAR[KeywordMoviesLabelVar]</label>
					<include>DefaultSettingButton</include>
					<onclick>Skin.ToggleSetting(HideMovieKeywordResults)</onclick>
					<selected>!Skin.HasSetting(HideMovieKeywordResults)</selected>
					<visible>String.IsEqual(Skin.String(SearchSetting),0) + [String.IsEqual(Skin.String(current_search_provider),0) | String.IsEqual(Skin.String(current_search_provider),1) | String.IsEqual(Skin.String(current_search_provider),3)]</visible>
				</control>
				<control type="radiobutton" id="64710">
					<label>   - $VAR[KeywordTVShowsLabelVar]</label>
					<include>DefaultSettingButton</include>
					<onclick>Skin.ToggleSetting(HideTVShowKeywordResults)</onclick>
					<selected>!Skin.HasSetting(HideTVShowKeywordResults)</selected>
					<visible>String.IsEqual(Skin.String(SearchSetting),0) + [String.IsEqual(Skin.String(current_search_provider),0) | String.IsEqual(Skin.String(current_search_provider),1) | String.IsEqual(Skin.String(current_search_provider),3)]</visible>
				</control>
				<control type="radiobutton" id="64711">
					<label>   - TRAKT Lists</label>
					<include>DefaultSettingButton</include>
					<onclick>Skin.ToggleSetting(HideTraktResults)</onclick>
					<selected>!Skin.HasSetting(HideTraktResults)</selected>
					<visible>String.IsEqual(Skin.String(SearchSetting),0) + [String.IsEqual(Skin.String(current_search_provider),0) | String.IsEqual(Skin.String(current_search_provider),1) | String.IsEqual(Skin.String(current_search_provider),3)]</visible>
				</control>
				<control type="radiobutton" id="64712">
					<label>   - TRAKT Lists (Movies)</label>
					<include>DefaultSettingButton</include>
					<onclick>Skin.ToggleSetting(HideUmbrellaTraktMovieResults)</onclick>
					<selected>!Skin.HasSetting(HideUmbrellaTraktMovieResults)</selected>
					<visible>String.IsEqual(Skin.String(SearchSetting),0) + String.IsEqual(Skin.String(current_search_provider),2)</visible>
				</control>
				<control type="radiobutton" id="64713">
					<label>   - TRAKT Lists (TV Shows)</label>
					<include>DefaultSettingButton</include>
					<onclick>Skin.ToggleSetting(HideUmbrellaTraktTVResults)</onclick>
					<selected>!Skin.HasSetting(HideUmbrellaTraktTVResults)</selected>
					<visible>String.IsEqual(Skin.String(SearchSetting),0) + String.IsEqual(Skin.String(current_search_provider),2)</visible>
				</control>
			</control>

			<control type="grouplist" id="648">
				<top>133</top>
				<left>0</left>
				<right>470</right>
				<bottom>37</bottom>
				<onleft>9000</onleft>
				<onright>60</onright>
				<onup>648</onup>
				<pagecontrol>60</pagecontrol>
				<ondown>648</ondown>
				<visible>Container(9000).HasFocus(4)</visible>
				<!-- RATINGS -->	
				<control type="button" id="6480">
					<label>MDbList API Key</label>
					<label2>$VAR[APIKeyLabel]</label2>
					<include>DefaultSettingButton</include>
					<onclick>RunScript(script.altus.helper, mode=set_api_key)</onclick>
				</control>
				<control type="button" id="6481">
					<label>Reset all ratings</label>
					<include>DefaultSettingButton</include>
					<onclick>Skin.SetString(RatingSlot1,none)</onclick>
					<onclick>Skin.SetString(RatingSlot2,none)</onclick>
					<onclick>Skin.SetString(RatingSlot3,none)</onclick>
					<onclick>Skin.SetString(RatingSlot4,none)</onclick>
					<onclick>Skin.SetString(RatingSlot5,none)</onclick>
					<onclick>Skin.SetString(RatingSlot6,none)</onclick>
					<onclick>Skin.SetString(RatingSlot7,none)</onclick>
					<visible>!String.IsEmpty(Skin.String(valid_api_key))</visible>
			</control>
				<control type="button" id="6482">
					<label>    - Rating 1</label>
					<label2>$VAR[RatingName1Var]</label2>
					<include>DefaultSettingButton</include>
					<onclick>$VAR[Rating1ToggleVar]</onclick>
					<visible>!String.IsEmpty(Skin.String(valid_api_key))</visible>
				</control>
				<control type="button" id="6483">
					<label>    - Rating 2</label>
					<label2>$VAR[RatingName2Var]</label2>
					<include>DefaultSettingButton</include>
					<onclick>$VAR[Rating2ToggleVar]</onclick>
					<visible>!String.IsEmpty(Skin.String(valid_api_key))</visible>
				</control>
				<control type="button" id="6484">
					<label>    - Rating 3</label>
					<label2>$VAR[RatingName3Var]</label2>
					<include>DefaultSettingButton</include>
					<onclick>$VAR[Rating3ToggleVar]</onclick>
					<visible>!String.IsEmpty(Skin.String(valid_api_key))</visible>
				</control>
				<control type="button" id="6485">
					<label>    - Rating 4</label>
					<label2>$VAR[RatingName4Var]</label2>
					<include>DefaultSettingButton</include>
					<onclick>$VAR[Rating4ToggleVar]</onclick>
					<visible>!String.IsEmpty(Skin.String(valid_api_key))</visible>
				</control>
				<control type="button" id="6486">
					<label>    - Rating 5</label>
					<label2>$VAR[RatingName5Var]</label2>
					<include>DefaultSettingButton</include>
					<onclick>$VAR[Rating5ToggleVar]</onclick>
					<visible>!String.IsEmpty(Skin.String(valid_api_key))</visible>
				</control>
				<control type="button" id="6487">
					<label>    - Rating 6</label>
					<label2>$VAR[RatingName6Var]</label2>
					<include>DefaultSettingButton</include>
					<onclick>$VAR[Rating6ToggleVar]</onclick>
					<visible>!String.IsEmpty(Skin.String(valid_api_key))</visible>
				</control>
				<control type="button" id="6488">
					<label>    - Rating 7</label>
					<label2>$VAR[RatingName7Var]</label2>
					<include>DefaultSettingButton</include>
					<onclick>$VAR[Rating7ToggleVar]</onclick>
					<visible>!String.IsEmpty(Skin.String(valid_api_key))</visible>
				</control>
				<control type="radiobutton" id="6489">
					<label>Enable smart status (movies)</label>
					<include>DefaultSettingButton</include>
					<selected>Skin.HasSetting(Enable.SmartStatus)</selected>
					<onclick>Skin.ToggleSetting(Enable.SmartStatus)</onclick>
					<visible>!String.IsEmpty(Skin.String(valid_api_key))</visible>
				</control>
				<control type="button" id="6490">
					<label>    - Recent window (days)</label>
					<label2>$VAR[SkinSettingDigitalReleaseWindow]</label2>
					<include>DefaultSettingButton</include>
					<onclick>Skin.SetNumeric(altus_digital_release_window)</onclick>
					<visible>Skin.HasSetting(Enable.SmartStatus)</visible>
				</control>
				<control type="button" id="6491">
					<label>    - Expiry window (days)</label>
					<label2>$VAR[SkinSettingDigitalExpiredWindow]</label2>
					<include>DefaultSettingButton</include>
					<onclick>Skin.SetNumeric(altus_digital_expired_window)</onclick>
					<visible>Skin.HasSetting(Enable.SmartStatus)</visible>
				</control>
				<!-- TRAILER SOURCE -->
				<control type="button" id="6492">
					<label>Trailer source</label>
					<label2>$VAR[TrailerSourceSettingVar]</label2>
					<include>DefaultSettingButton</include>
					<onclick>$VAR[TrailerSourceToggleVar]</onclick>
				</control>
			</control>

			<control type="grouplist" id="700">
				<top>133</top>
				<left>0</left>
				<right>470</right>
				<bottom>37</bottom>
				<onleft>9000</onleft>
				<onright>60</onright>
				<onup>700</onup>
				<ondown>700</ondown>
				<visible>Container(9000).HasFocus(5)</visible>
				<control type="radiobutton" id="702">
					<label>$LOCALIZE[31095]</label>
					<include>DefaultSettingButton</include>
					<selected>!Skin.HasSetting(no_slide_animations)</selected>
					<onclick>Skin.ToggleSetting(no_slide_animations)</onclick>
				</control>
				<control type="radiobutton" id="703">
					<label>$LOCALIZE[20189]</label>
					<include>DefaultSettingButton</include>
					<onclick>Skin.ToggleSetting(autoscroll)</onclick>
					<selected>Skin.HasSetting(autoscroll)</selected>
				</control>
				<control type="radiobutton" id="704">
					<label>$LOCALIZE[31158]</label>
					<include>DefaultSettingButton</include>
					<onclick>Skin.ToggleSetting(touchmode)</onclick>
					<selected>Skin.HasSetting(touchmode)</selected>
				</control>
				<control type="radiobutton" id="705">
					<label>$LOCALIZE[31093]</label>
					<include>DefaultSettingButton</include>
					<onclick condition="!String.IsEmpty(Weather.Plugin)">Skin.ToggleSetting(show_weatherinfo)</onclick>
					<onclick condition="String.IsEmpty(Weather.Plugin)">ActivateWindow(servicesettings,weather)</onclick>
					<selected>Skin.HasSetting(show_weatherinfo) + !String.IsEmpty(Weather.Plugin)</selected>
				</control>
				<control type="radiobutton" id="706">
					<label>$LOCALIZE[31160]</label>
					<include>DefaultSettingButton</include>
					<onclick>Skin.ToggleSetting(hide_mediaflags)</onclick>
					<selected>!Skin.HasSetting(hide_mediaflags)</selected>
				</control>
				<control type="button" id="708">
					<label>$LOCALIZE[31024]</label>
					<include>DefaultSettingButton</include>
					<onclick>Skin.SelectBool(31024, 38018|circle_userrating, 563|circle_rating, 16018|circle_none)</onclick>
					<label2>$VAR[RatingSettingLabel2Var]</label2>
				</control>
				<control type="button" id="709">
					<label>$LOCALIZE[31164]</label>
					<include>DefaultSettingButton</include>
					<onclick>Skin.SelectBool(31164, 31165|show_profilename, 31166|show_profileavatar, 16018|show_none)</onclick>
					<label2>$VAR[ProfileIdentificationLabel2Var]</label2>
				</control>
			</control>

			<control type="grouplist" id="600">
				<top>133</top>
				<left>0</left>
				<right>470</right>
				<bottom>37</bottom>
				<onleft>9000</onleft>
				<onright>60</onright>
				<onup>600</onup>
				<ondown>600</ondown>
				<visible>Container(9000).HasFocus(6)</visible>
				<control type="button" id="6001">
					<label>Background style</label>
					<label2>$VAR[BackgroundSettingVar]</label2>
					<include>DefaultSettingButton</include>
					<onclick>$VAR[BackgroundToggleVar]</onclick>
				</control>
				<control type="button" id="6002">
					<label>    - Main blur texture</label>
					<label2>$VAR[MainBlurTextureSettingVar]</label2>
					<include>DefaultSettingButton</include>
					<onclick>$VAR[MainBlurTextureToggleVar]</onclick>
					<visible>String.IsEqual(Skin.String(BackgroundSetting),2)</visible>
				</control>
				<!-- FANART -->
				<!-- <control type="radiobutton" id="6002">
					<label>$LOCALIZE[31002]</label>
					<include>DefaultSettingButton</include>
					<onclick>Skin.ToggleSetting(Enable.Fanart)</onclick>
					<selected>Skin.HasSetting(Enable.Fanart)</selected>
				</control> -->
				<!-- DEFAULT BACKGROUND -->
				<control type="button" id="6003">
					<label>    - Choose default background</label>
					<label2>$INFO[Skin.String(AltusCustomBackground)]</label2>
					<include>DefaultSettingButton</include>
					<onclick>RunScript(script.altus.helper, mode=set_image)</onclick>
					<visible>!String.IsEqual(Skin.String(BackgroundSetting),0)</visible>
				</control>
				<control type="button" id="6004">
					<label>    - Set blur radius</label>
					<label2>$INFO[Skin.String(BlurRadius)]</label2>
					<include>DefaultSettingButton</include>
					<onclick>RunScript(script.altus.helper, mode=set_blurradius)</onclick>
					<visible>String.IsEqual(Skin.String(BackgroundSetting),1) | String.IsEqual(Skin.String(BackgroundSetting),2)</visible>
				</control>
				<!-- BLUR SATURATION -->
				<control type="button" id="6005">
					<label>    - Set blur saturation</label>
					<label2>$INFO[Skin.String(BlurSaturation)]</label2>
					<include>DefaultSettingButton</include>
					<onclick>RunScript(script.altus.helper, mode=set_blursaturation)</onclick>
					<visible>String.IsEqual(Skin.String(BackgroundSetting),1) | String.IsEqual(Skin.String(BackgroundSetting),2)</visible>
				</control>
				<control type="button" id="6006">
					<label>   - Restore default background</label>
					<include>DefaultSettingButton</include>
					<onclick>Skin.Reset(AltusCustomBackground)</onclick>
					<visible>!String.IsEqual(Skin.String(BackgroundSetting),0) + !String.IsEmpty(Skin.String(AltusCustomBackground))</visible>
				</control>
				<!-- CLEARLOGO -->
				<control type="radiobutton" id="6007">
					<label>Enable clearlogo (views)</label>
					<include>DefaultSettingButton</include>
					<onclick>Skin.ToggleSetting(Enable.Clearlogo)</onclick>
					<selected>Skin.HasSetting(Enable.Clearlogo)</selected>
				</control>
				<control type="button" id="6008">
					<label>$LOCALIZE[31131]</label>
					<label2>$INFO[Skin.String(HomeFanart.name)]</label2>
					<include>DefaultSettingButton</include>
					<onclick condition="System.AddonIsEnabled(script.image.resource.select)">RunScript(script.image.resource.select,property=HomeFanart&amp;type=resource.images.skinbackgrounds)</onclick>
					<onclick condition="System.HasAddon(script.image.resource.select) + !System.AddonIsEnabled(script.image.resource.select)">EnableAddon(script.image.resource.select)</onclick>
					<onclick condition="!System.HasAddon(script.image.resource.select)">InstallAddon(script.image.resource.select)</onclick>
				</control>
				<control type="radiobutton" id="6009">
					<label>Enable weather fanart</label>
					<include>DefaultSettingButton</include>
					<onclick>Skin.ToggleSetting(Enable.WeatherFanart)</onclick>
					<selected>Skin.HasSetting(Enable.WeatherFanart)</selected>
				</control>
				<control type="button" id="6010">
					<label>    - $LOCALIZE[31062]</label>
					<label2>$INFO[Skin.String(WeatherFanart.name)]</label2>
					<include>DefaultSettingButton</include>
					<onclick condition="System.AddonIsEnabled(script.image.resource.select)">RunScript(script.image.resource.select,property=WeatherFanart&amp;type=resource.images.weatherfanart)</onclick>
					<onclick condition="System.HasAddon(script.image.resource.select) + !System.AddonIsEnabled(script.image.resource.select)">EnableAddon(script.image.resource.select)</onclick>
					<onclick condition="!System.HasAddon(script.image.resource.select)">InstallAddon(script.image.resource.select)</onclick>
					<visible>Skin.HasSetting(Enable.WeatherFanart)</visible>
				</control>
				<control type="button" id="6011">
					<label>$LOCALIZE[31149]</label>
					<label2>$INFO[Skin.String(MovieGenreFanart.Name)]</label2>
					<include>DefaultSettingButton</include>
					<onclick condition="System.AddonIsEnabled(script.image.resource.select)">RunScript(script.image.resource.select,property=MovieGenreFanart&amp;type=resource.images.moviegenrefanart)</onclick>
					<onclick condition="System.HasAddon(script.image.resource.select) + !System.AddonIsEnabled(script.image.resource.select)">EnableAddon(script.image.resource.select)</onclick>
					<onclick condition="!System.HasAddon(script.image.resource.select)">InstallAddon(script.image.resource.select)</onclick>
				</control>
				<control type="radiobutton" id="6012">
					<label>$LOCALIZE[31168]</label>
					<include>DefaultSettingButton</include>
					<onclick>Skin.ToggleSetting(show_musicvideoposter)</onclick>
					<selected>Skin.HasSetting(show_musicvideoposter)</selected>
				</control>
			</control>
			
			<control type="grouplist" id="622">
				<top>133</top>
				<left>0</left>
				<right>470</right>
				<bottom>37</bottom>
				<onleft>9000</onleft>
				<onright>60</onright>
				<onup>622</onup>
				<pagecontrol>60</pagecontrol>
				<ondown>622</ondown>
				<visible>Container(9000).HasFocus(7)</visible>
				<control type="radiobutton" id="62200">
					<label>$LOCALIZE[31172]</label>
					<include>DefaultSettingButton</include>
					<selected>Skin.HasSetting(OSDAutoClose)</selected>
					<onclick>Skin.ToggleSetting(OSDAutoClose)</onclick>
				</control>
				<control type="button" id="62201">
					<label>- $LOCALIZE[31173]</label>
					<label2>$VAR[SkinSettingOSDAutoCloseTime]</label2>
					<include>DefaultSettingButton</include>
					<onclick>Skin.SetNumeric(OSDAutoCloseTime)</onclick>
					<enable>Skin.HasSetting(OSDAutoClose)</enable>
				</control>
				<control type="button" id="62202">
					<label>Audio button action</label>
					<label2>$VAR[OSDAudioButtonSettingVar]</label2>
					<include>DefaultSettingButton</include>
					<onclick>$VAR[OSDAudioButtonSettingToggleVar]</onclick>
				</control>
				<control type="button" id="62203">
					<label>Subtitle button action</label>
					<label2>$VAR[OSDSubtitleButtonSettingVar]</label2>
					<include>DefaultSettingButton</include>
					<onclick>$VAR[OSDSubtitleButtonSettingToggleVar]</onclick>
				</control>
				<control type="radiobutton" id="62204">
					<label>Show OSD while paused</label>
					<include>DefaultSettingButton</include>
					<selected>!Skin.HasSetting(Disable.PauseOSD)</selected>
					<onclick>Skin.ToggleSetting(Disable.PauseOSD)</onclick>
				</control>
				<control type="radiobutton" id="62205">
					<label>Clearlogo</label>
					<include>DefaultSettingButton</include>
					<selected>!Skin.HasSetting(Disable.OSDClearlogo)</selected>
					<onclick>Skin.ToggleSetting(Disable.OSDClearlogo)</onclick>
				</control>
				<control type="radiobutton" id="62206">
					<label>    - Title label</label>
					<include>DefaultSettingButton</include>
					<selected>!Skin.HasSetting(Disable.OSDTitle)</selected>
					<onclick>Skin.ToggleSetting(Disable.OSDTitle)</onclick>
					<visible>Skin.HasSetting(Disable.OSDClearlogo)</visible>
				</control>
			</control>

			<control type="grouplist" id="640">
				<top>133</top>
				<left>0</left>
				<right>470</right>
				<bottom>37</bottom>
				<onleft>9000</onleft>
				<onright>60</onright>
				<onup>640</onup>
				<pagecontrol>60</pagecontrol>
				<ondown>640</ondown>
				<visible>Container(9000).HasFocus(9)</visible>
				<!-- SPOTLIGHT CLEARLOGO -->
				<control type="radiobutton" id="64001">
					<label>Enable spotlight clearlogo</label>
					<include>DefaultSettingButton</include>
					<selected>!Skin.HasSetting(Disable.SpotlightClearlogo)</selected>
					<onclick>Skin.ToggleSetting(Disable.SpotlightClearlogo)</onclick>
				</control>
				<!--AUTOSCROLL SPOTLIGHT -->
				<control type="radiobutton" id="64002">
					<label>Autoscroll spotlight widgets</label>
					<include>DefaultSettingButton</include>
					<selected>Skin.HasSetting(Enable.AutoScrollSpotlight)</selected>
					<onclick>Skin.ToggleSetting(Enable.AutoScrollSpotlight)</onclick>
				</control>
				<control type="button" id="64003">
					<label>    - Delay (seconds)</label>
					<label2>$VAR[SkinSettingAutoScrollSpotlightDelay]</label2>
					<include>DefaultSettingButton</include>
					<onclick>Skin.SetNumeric(altus_spotlight_delay)</onclick>
					<visible>Skin.HasSetting(Enable.AutoScrollSpotlight)</visible>
				</control>
				<!-- LANDSCAPE DISPLAY STYLE -->
				<control type="button" id="64004">
					<label>Feature landscape display style</label>
					<label2>$VAR[HomeItemArtworkChoiceSettingVar]</label2>
					<include>DefaultSettingButton</include>
					<onclick>$VAR[HomeItemArtworkChoiceToggleVar]</onclick>
					<onclick condition="!Skin.HasSetting(Disable.LandscapeWidgetClearlogo)">Skin.SetBool(Disable.LandscapeWidgetClearlogo)</onclick>
				</control>
				<control type="radiobutton" id="64005">
					<label>    - Enable clearlogo</label>
					<include>DefaultSettingButton</include>
					<selected>!Skin.HasSetting(Disable.LandscapeWidgetClearlogo)</selected>
					<onclick>Skin.ToggleSetting(Disable.LandscapeWidgetClearlogo)</onclick>
					<visible>String.IsEqual(Skin.String(HomeItemArtworkChoice),1)</visible>
				</control>
				<!-- STACKED WIDGET DELAY -->
				<control type="button" id="64006">
					<label>Set stacked load delay (milliseconds)</label>
					<label2>$VAR[SkinSettingStackedLoadDelay]</label2>
					<include>DefaultSettingButton</include>
					<onclick>Skin.SetNumeric(altus_category_widget_delay)</onclick>
				</control>
				<!-- COUNTDOWN TIMER -->
				<control type="radiobutton" id="64007">
					<label>Show countdown timer</label>
					<include>DefaultSettingButton</include>
					<selected>Skin.HasSetting(altus_category_widget_display_delay)</selected>
					<onclick>Skin.ToggleSetting(altus_category_widget_display_delay)</onclick>
				</control>
				<control type="radiobutton" id="64008">
					<label>Reset stacked widgets when returning home</label>
					<include>DefaultSettingButton</include>
					<selected>!Skin.HasSetting(Disable.ResetStacked)</selected>
					<onclick>Skin.ToggleSetting(Disable.ResetStacked)</onclick>
				</control>
				<control type="button" id="64009">
					<label>Header</label>
					<label2>$VAR[WidgetClearlogoSettingVar]</label2>
					<include>DefaultSettingButton</include>
					<onclick>$VAR[WidgetClearlogoToggleVar]</onclick>
				</control>
				<control type="radiobutton" id="64010">
					<label>Ratings</label>
					<include>DefaultSettingButton</include>
					<onclick>Skin.ToggleSetting(Disable.HomePanelRatings)</onclick>
					<selected>!Skin.HasSetting(Disable.HomePanelRatings)</selected>
				</control>
				<control type="button" id="64011">
					<label>Footer (Studio logo)</label>
					<label2>$VAR[StudioLogoSettingVar]</label2>
					<include>DefaultSettingButton</include>
					<onclick condition="!System.HasAddon(resource.images.studios.white)">InstallAddon(resource.images.studios.white)</onclick>
					<onclick>$VAR[StudioLogoToggleVar]</onclick>
				</control>
				<!-- DIM/FADE WIDGETS -->
				<control type="radiobutton" id="64012">
					<label>$VAR[Capitalize_DimorFadeLabel] unfocused widgets</label>
					<include>DefaultSettingButton</include>
					<selected>!Skin.HasSetting(Disable.WidgetDimming)</selected>
					<onclick>Skin.ToggleSetting(Disable.WidgetDimming)</onclick>
				</control>
				<control type="radiobutton" id="64013">
					<label>$VAR[Capitalize_DimorFadeLabel] widgets on main menu focus</label>
					<include>DefaultSettingButton</include>
					<selected>Skin.HasSetting(Enable.MainMenuWidgetDimming)</selected>
					<onclick>Skin.ToggleSetting(Enable.MainMenuWidgetDimming)</onclick>
				</control>
			</control>

			<control type="grouplist" id="641">
				<top>133</top>
				<left>0</left>
				<right>470</right>
				<bottom>37</bottom>
				<onleft>9000</onleft>
				<onright>60</onright>
				<onup>641</onup>
				<pagecontrol>60</pagecontrol>
				<ondown>641</ondown>
				<visible>Container(9000).HasFocus(10)</visible>
				<!-- <control type="button" id="64101">
					<label>View changelog</label>
					<include>DefaultSettingButton</include>
					<onclick>RunScript(script.altus.helper,mode=show_changelog)</onclick>
				</control>
				<control type="button" id="64102">
					<label>View welcome screen</label>
					<include>DefaultSettingButton</include>
					<onclick>ActivateWindow(1112)</onclick>
				</control> -->
				<!-- RESET FORCED VIEWS -->
				<control type="button" id="64103">
					<label>Reset forced views</label>
					<include>DefaultSettingButton</include>
					<onclick>Skin.Reset(Skin.ForcedView.)</onclick>
					<onclick>Skin.Reset(Skin.ForcedView.actors)</onclick>
					<onclick>Skin.Reset(Skin.ForcedView.addons)</onclick>
					<onclick>Skin.Reset(Skin.ForcedView.albums)</onclick>
					<onclick>Skin.Reset(Skin.ForcedView.artists)</onclick>
					<onclick>Skin.Reset(Skin.ForcedView.countries)</onclick>
					<onclick>Skin.Reset(Skin.ForcedView.directors)</onclick>
					<onclick>Skin.Reset(Skin.ForcedView.episodes.outside)</onclick>
					<onclick>Skin.Reset(Skin.ForcedView.episodes.inside)</onclick>
					<onclick>Skin.Reset(Skin.ForcedView.files)</onclick>
					<onclick>Skin.Reset(Skin.ForcedView.games)</onclick>
					<onclick>Skin.Reset(Skin.ForcedView.genres)</onclick>
					<onclick>Skin.Reset(Skin.ForcedView.images)</onclick>
					<onclick>Skin.Reset(Skin.ForcedView.mixed)</onclick>
					<onclick>Skin.Reset(Skin.ForcedView.movies)</onclick>
					<onclick>Skin.Reset(Skin.ForcedView.musicvideos)</onclick>
					<onclick>Skin.Reset(Skin.ForcedView.playlists)</onclick>
					<onclick>Skin.Reset(Skin.ForcedView.seasons)</onclick>
					<onclick>Skin.Reset(Skin.ForcedView.sets)</onclick>
					<onclick>Skin.Reset(Skin.ForcedView.songs)</onclick>
					<onclick>Skin.Reset(Skin.ForcedView.studios)</onclick>
					<onclick>Skin.Reset(Skin.ForcedView.tags)</onclick>
					<onclick>Skin.Reset(Skin.ForcedView.tvshows)</onclick>
					<onclick>Skin.Reset(Skin.ForcedView.unknown)</onclick>
					<onclick>Skin.Reset(Skin.ForcedView.videos)</onclick>
					<onclick>Skin.Reset(Skin.ForcedView.years)</onclick>
					<onclick>Notification(Views Unlocked,All forced views have been reset)</onclick>
				</control>
				<control type="button" id="64104">
					<label>Clear ALL image caches</label>
					<label2>$INFO[Skin.String(TotalImageCacheSize)]</label2>
					<include>DefaultSettingButton</include>
					<onclick>RunScript(script.altus.helper, mode=clear_all_image_caches)</onclick>
				</control>
				<control type="button" id="64105">
					<label>    - Clear color cache</label>
					<label2>$INFO[Skin.String(ColorCacheSize)]</label2>
					<include>DefaultSettingButton</include>
					<onclick>RunScript(script.altus.helper, mode=clear_color_cache)</onclick>
				</control>
				<control type="button" id="64106">
					<label>    - Clear logo cache</label>
					<label2>$INFO[Skin.String(LogoCacheSize)]</label2>
					<include>DefaultSettingButton</include>
					<onclick>RunScript(script.altus.helper, mode=clear_logo_cache)</onclick>
				</control>
				<control type="button" id="64107">
					<label>    - Clear blur cache</label>
					<label2>$INFO[Skin.String(BlurCacheSize)]</label2>
					<include>DefaultSettingButton</include>
					<onclick>RunScript(script.altus.helper, mode=clear_blur_cache)</onclick>
				</control>
				<control type="button" id="64108">
					<label>Clear ratings cache</label>
					<label2>$INFO[Skin.String(RatingsDatabaseSize)]</label2>
					<include>DefaultSettingButton</include>
					<onclick>RunScript(script.altus.helper,mode=delete_all_ratings)</onclick>
				</control>
				<control type="button" id="64109">
					<label>Clear search history</label>
					<label2>$INFO[Skin.String(SearchHistoryDatabaseSize)]</label2>
					<include>DefaultSettingButton</include>
					<onclick>RunScript(script.altus.helper,mode=remove_all_spaths)</onclick>
				</control>
			</control>

			<!-- <control type="grouplist" id="642">
				<top>133</top>
				<left>0</left>
				<right>470</right>
				<bottom>37</bottom>
				<onleft>9000</onleft>
				<onright>60</onright>
				<onup>642</onup>
				<pagecontrol>60</pagecontrol>
				<ondown>642</ondown>
				<visible>Container(9000).HasFocus(11)</visible>
				<control type="button" id="64101">
					<label>View changelog</label>
					<include>DefaultSettingButton</include>
					<onclick>RunScript(script.altus.helper,mode=show_changelog)</onclick>
				</control>
				<control type="button" id="64102">
					<label>View welcome screen</label>
					<include>DefaultSettingButton</include>
					<onclick>ActivateWindow(1112)</onclick>
				</control>
				<control type="button" id="64201">
					<include>DefaultSettingButton</include>
					<label>$LOCALIZE[14200] » $LOCALIZE[14218] » $LOCALIZE[285]</label>
					<label2>$INFO[Window(skinsettings).Property(altus_kodisetting_audiolang)]</label2>
					<onclick>ActivateWindowAndFocus(playersettings,-196,0,-179,0)</onclick>
				</control>
				<control type="button" id="64202">
					<include>DefaultSettingButton</include>
					<label>$LOCALIZE[14200] » $LOCALIZE[14218] » $LOCALIZE[286]</label>
					<label2>$INFO[Window(skinsettings).Property(altus_kodisetting_subtitlelang)]</label2>
					<onclick>ActivateWindowAndFocus(playersettings,-196,0,-175,0)</onclick>
				</control>
				<control type="button" id="64203">
					<include>DefaultSettingButton</include>
					<label>$LOCALIZE[14200] » $LOCALIZE[14218] » $LOCALIZE[37040]</label>
					<label2>$INFO[Window(skinsettings).Property(altus_kodisetting_vidprefer)]</label2>
					<onclick>ActivateWindowAndFocus(playersettings,-196,0,-178,0)</onclick>
				</control>
			</control> -->

			<control type="image">
				<description>Dialog Header image</description>
				<left>0</left>
				<top>130</top>
				<right>470</right>
				<height>3</height>
				<texture colordiffuse="$VAR[FocusColorTheme]" border="3">dialogs/separator-grey.png</texture>
			</control>
			<!-- <control type="image">
				<description>Dialog Header image</description>
				<left>0</left>
				<bottom>31</bottom>
				<right>470</right>
				<height>3</height>
				<texture colordiffuse="$VAR[FocusColorTheme]" border="3">dialogs/separator-grey.png</texture>
			</control> -->
		</control>
		<control type="group">
			<depth>DepthContentPanel</depth>
			<left>0</left>
			<include>OpenClose_Left</include>
			<include content="MenuContentPanel">
				<param name="width" value="470" />
				<param name="dividerleft" value="470" />
				<!-- <param name="color" value="4D000000" /> -->
			</include>
			<!-- <include content="MenuContentPanel">
				<param name="width" value="1920" />
				<param name="height" value="130" />
				<param name="divider_visible" value="false" />
				<param name="color" value="4D000000" />
			</include> -->
			<control type="list" id="9000">
				<description>button area</description>
				<left>0</left>
				<top>130</top>
				<width>470</width>
				<height>900</height>
				<onleft>10000</onleft>
				<onright>10000</onright>
				<onup>9000</onup>
				<ondown>9000</ondown>
				<itemlayout height="85" width="470">
					<control type="label">
						<textoffsetx>50</textoffsetx>
						<width>470</width>
						<height>85</height>
						<label>$INFO[ListItem.Label]</label>
						<textcolor>unfocused_text</textcolor>
						<font>font37</font>
						<aligny>center</aligny>
						<align>left</align>
					</control>
				</itemlayout>
				<focusedlayout height="85" width="470" infoupdate="300">
					<control type="image">
						<width>470</width>
						<height>85</height>
						<texture colordiffuse="$VAR[FocusColorTheme]">colors/grey.png</texture>
						<animation effect="fade" start="100" end="50" time="40" condition="!Control.HasFocus(9000)">Conditional</animation>
					</control>
					<control type="label">
						<textoffsetx>50</textoffsetx>
						<width>470</width>
						<height>85</height>
						<font>font37</font>
						<aligny>center</aligny>
						<align>left</align>
						<label>$INFO[ListItem.Label]</label>
						<textcolor>$VAR[FocusedTextColorVar]</textcolor>
					</control>
				</focusedlayout>
				<content>
					<item id="1">
						<label>$LOCALIZE[31061]</label>
						<onclick>noop</onclick>
					</item>
					<item id="5">
						<!-- <label>$LOCALIZE[128]</label> -->
						<label>General config</label>
						<onclick>noop</onclick>
					</item>
					<item id="9">
						<label>Widget options</label>
						<onclick>noop</onclick>
					</item>
					<item id="2">
						<label>Customization</label>
						<onclick>noop</onclick>
					</item>
					<item id="6">
						<label>Artwork display</label>
						<onclick>noop</onclick>
					</item>
					<item id="4">
						<label>API features</label>
						<onclick>noop</onclick>
					</item>
					<item id="3">
						<label>Search options</label>
						<onclick>noop</onclick>
					</item>
					<item id="7">
						<label>$LOCALIZE[31170]</label>
						<onclick>noop</onclick>
					</item>
					<!-- <item id="11">
						<label>Shortcuts</label>
						<onclick>noop</onclick>
					</item> -->
					<item id="10">
						<label>Extras</label>
						<onclick>noop</onclick>
					</item>
				</content>
			</control>
		</control>
		<control type="group">
			<right>0</right>
			<top>133</top>
			<bottom>137</bottom>
			<width>60</width>
			<control type="scrollbar" id="60">
				<right>0</right>
				<top>0</top>
				<bottom>0</bottom>
				<width>12</width>
				<orientation>vertical</orientation>
				<texturesliderbackground />
				<animation effect="slide" end="6,0" time="300" tween="sine" easing="inout" condition="!Control.HasFocus(60)">conditional</animation>
				<onleft>610</onleft>
				<onright>610</onright>
				<animation effect="fade" start="0" end="100" time="200" delay="300">Visible</animation>
				<animation effect="fade" start="100" end="0" time="200">Hidden</animation>
				<animation effect="fade" start="0" end="100" delay="300" time="320">WindowOpen</animation>
				<animation effect="fade" start="100" end="0" time="150">WindowClose</animation>
				<hitrect x="0" y="0" w="60" h="100%" />
				<visible>Control.IsVisible(610)</visible>
			</control>
		</control>
		<include content="TopBar">
			<param name="breadcrumbs_label" value="[COLOR unfocused_text]$LOCALIZE[5][/COLOR] [B]»[/B] [COLOR unfocused_text]$LOCALIZE[20077][/COLOR]" />
		</include>
		<!-- <include>BottomBar</include> -->
		<control type="textbox" id="6">
			<include>OpenClose_Right</include>
			<description>description area</description>
			<left>1510</left>
			<top>105</top>
			<right>60</right>
			<height>940</height>
			<font>font27</font>
			<align>left</align>
			<aligny>center</aligny>
			<textcolor>unfocused_text</textcolor>
			<label>$VAR[SkinSettingsHelpTextVar]</label>
			<autoscroll time="3000" delay="5000" repeat="5000">true</autoscroll>
		</control>
	</controls>
</window>
