<?xml version="1.0" encoding="UTF-8"?>
<includes>
	<include name="View_500_Wall">
		<control type="group">
			<!-- <include>OpenClose_Right</include>
			<include>Visible_Right</include> -->
			<left>-10</left>
      <height>100%</height>
			<visible>Control.IsVisible(500)</visible>
			<animation condition="Control.HasFocus(500) | Control.HasFocus(531) | ControlGroup(9000).HasFocus">
				<effect type="fade" start="0" end="100" time="300" tween="cubic" easing="in"/>
				<effect type="slide" start="0,937" end="0,0" time="500" tween="cubic" easing="out" />
			</animation>
			<control type="panel" id="500">
				<top>65</top>
				<onleft>531</onleft>
				<onright condition="Integer.IsGreater(Container.NumPages,1)">531</onright>
				<onright condition="!Integer.IsGreater(Container.NumPages,1)">500</onright>
				<onup>500</onup>
				<!-- <onup condition="!Integer.IsGreater(Container.NumPages,1)">9000</onup> -->
				<ondown>500</ondown>
				<onback condition="Player.HasMedia + !String.IsEmpty(Skin.String(TrailerPlaying))">Stop</onback>
				<onunfocus condition="Player.HasMedia + !String.IsEmpty(Skin.String(TrailerPlaying))">Stop</onunfocus>
				<onunfocus condition="!String.IsEmpty(Skin.String(TrailerPlaying))">Skin.Reset(TrailerPlaying)</onunfocus>
				<viewtype label="311022">icon</viewtype>
				<preloaditems>2</preloaditems>
				<pagecontrol>531</pagecontrol>
				<scrolltime tween="cubic" easing="out">600</scrolltime>
				<!-- <visible>Container.Content(movies) | Container.Content(sets) | Container.Content(tvshows) | Container.Content(seasons) | Container.Content(artists) | Container.Content(albums) | Container.Content(musicvideos) | Container.Content(images) | Container.Content(videos) | Container.Content(games)</visible> -->
				<visible>
					[Container.Content(artists) + [String.IsEqual(Skin.String(Skin.ForcedView.artists),$LOCALIZE[311022]) | String.IsEqual(Skin.String(Skin.ForcedView.artists),$LOCALIZE[310981]) | String.IsEqual(Skin.String(Skin.ForcedView.artists),$LOCALIZE[31100]) | String.IsEqual(Skin.String(Skin.ForcedView.artists),$LOCALIZE[31107]) | String.IsEmpty(Skin.String(Skin.ForcedView.artists))]] | 

					[Container.Content(albums) + [String.IsEqual(Skin.String(Skin.ForcedView.albums),$LOCALIZE[311022]) | String.IsEqual(Skin.String(Skin.ForcedView.albums),$LOCALIZE[310981]) | String.IsEqual(Skin.String(Skin.ForcedView.albums),$LOCALIZE[31100]) | String.IsEqual(Skin.String(Skin.ForcedView.albums),$LOCALIZE[31107]) | String.IsEmpty(Skin.String(Skin.ForcedView.albums))]] | 

					[Container.Content(sets) + [String.IsEqual(Skin.String(Skin.ForcedView.sets),$LOCALIZE[311022]) | String.IsEqual(Skin.String(Skin.ForcedView.sets),$LOCALIZE[310981]) | String.IsEqual(Skin.String(Skin.ForcedView.sets),$LOCALIZE[31100]) | String.IsEqual(Skin.String(Skin.ForcedView.sets),$LOCALIZE[31107]) | String.IsEmpty(Skin.String(Skin.ForcedView.sets))]] | 

					[Container.Content(movies) + [String.IsEqual(Skin.String(Skin.ForcedView.movies),$LOCALIZE[311022]) | String.IsEqual(Skin.String(Skin.ForcedView.movies),$LOCALIZE[310981]) | String.IsEqual(Skin.String(Skin.ForcedView.movies),$LOCALIZE[31100]) | String.IsEqual(Skin.String(Skin.ForcedView.movies),$LOCALIZE[31107]) | String.IsEmpty(Skin.String(Skin.ForcedView.movies))]] | 

					[Container.Content(tvshows) + [String.IsEqual(Skin.String(Skin.ForcedView.tvshows),$LOCALIZE[311022]) | String.IsEqual(Skin.String(Skin.ForcedView.tvshows),$LOCALIZE[310981]) | String.IsEqual(Skin.String(Skin.ForcedView.tvshows),$LOCALIZE[31100]) | String.IsEqual(Skin.String(Skin.ForcedView.tvshows),$LOCALIZE[31107]) | String.IsEmpty(Skin.String(Skin.ForcedView.tvshows))]] | 

					[Container.Content(seasons) + [String.IsEqual(Skin.String(Skin.ForcedView.seasons),$LOCALIZE[311022]) | String.IsEqual(Skin.String(Skin.ForcedView.seasons),$LOCALIZE[310981]) | String.IsEqual(Skin.String(Skin.ForcedView.seasons),$LOCALIZE[31100]) | String.IsEqual(Skin.String(Skin.ForcedView.seasons),$LOCALIZE[31107]) | String.IsEmpty(Skin.String(Skin.ForcedView.seasons))]] | 

					[Container.Content(musicvideos) + [String.IsEqual(Skin.String(Skin.ForcedView.musicvideos),$LOCALIZE[311022]) | String.IsEqual(Skin.String(Skin.ForcedView.musicvideos),$LOCALIZE[310981]) | String.IsEqual(Skin.String(Skin.ForcedView.musicvideos),$LOCALIZE[31100]) | String.IsEqual(Skin.String(Skin.ForcedView.musicvideos),$LOCALIZE[31107]) | String.IsEmpty(Skin.String(Skin.ForcedView.musicvideos))]] | 
					
					[Container.Content(images) + [String.IsEqual(Skin.String(Skin.ForcedView.images),$LOCALIZE[311022]) | String.IsEqual(Skin.String(Skin.ForcedView.images),$LOCALIZE[310981]) | String.IsEqual(Skin.String(Skin.ForcedView.images),$LOCALIZE[31100]) | String.IsEqual(Skin.String(Skin.ForcedView.images),$LOCALIZE[31107]) | String.IsEmpty(Skin.String(Skin.ForcedView.images))]] | 

					[Container.Content(videos) + [String.IsEqual(Skin.String(Skin.ForcedView.videos),$LOCALIZE[311022]) | String.IsEqual(Skin.String(Skin.ForcedView.videos),$LOCALIZE[310981]) | String.IsEqual(Skin.String(Skin.ForcedView.videos),$LOCALIZE[31100]) | String.IsEqual(Skin.String(Skin.ForcedView.videos),$LOCALIZE[31107]) | String.IsEmpty(Skin.String(Skin.ForcedView.videos))]] | 

					[Container.Content(games) + [String.IsEqual(Skin.String(Skin.ForcedView.games),$LOCALIZE[311022]) | String.IsEqual(Skin.String(Skin.ForcedView.games),$LOCALIZE[310981]) | String.IsEqual(Skin.String(Skin.ForcedView.games),$LOCALIZE[31100]) | String.IsEqual(Skin.String(Skin.ForcedView.games),$LOCALIZE[31107]) | String.IsEmpty(Skin.String(Skin.ForcedView.games))]]
				</visible>

				<!-- DEFAULT -->
				<!-- W:249 H:375 -->
				<itemlayout width="275" height="401" condition="String.IsEqual(Skin.String(ArtworkSize500Setting),0) + !Skin.HasSetting(Enable.500Titles) + [Container.Content(movies) | Container.Content(sets) | Container.Content(tvshows) | Container.Content(seasons) | [Container.Content(musicvideos) + Skin.HasSetting(show_musicvideoposter)]]">
					<control type="group">
						<include content="ViewUnfocusedAnimations">
							<param name="id" value="500"/>
						</include>
						<!-- <top>39</top> -->
						<top>0</top>
						<include>PosterLayout</include>
					</control>
				</itemlayout>
				<focusedlayout width="275" height="401" condition="String.IsEqual(Skin.String(ArtworkSize500Setting),0) + !Skin.HasSetting(Enable.500Titles) + [Container.Content(movies) | Container.Content(sets) | Container.Content(tvshows) | Container.Content(seasons) | [Container.Content(musicvideos) + Skin.HasSetting(show_musicvideoposter)]]" infoupdate="30">
					<control type="group">
						<depth>DepthContentPopout</depth>
						<!-- <top>39</top> -->
						<top>0</top>
						<include content="PosterLayout">
							<param name="focused" value="true" />
						</include>
						<include>WallTimer</include>
						<include>FocusBounce</include>
						<include>VideoTrailerControl</include>
					</control>
				</focusedlayout>
				<itemlayout  width="275" height="430" condition="String.IsEqual(Skin.String(ArtworkSize500Setting),0) + Skin.HasSetting(Enable.500Titles) + [Container.Content(movies) | Container.Content(sets) | Container.Content(tvshows) | Container.Content(seasons) | [Container.Content(musicvideos) + Skin.HasSetting(show_musicvideoposter)]]">
					<control type="group">
						<include content="ViewUnfocusedAnimations">
							<param name="id" value="500"/>
						</include>
						<!-- <top>39</top> -->
						<top>0</top>
						<include>PosterLayout</include>
					</control>
				</itemlayout>
				<focusedlayout  width="275" height="430" condition="String.IsEqual(Skin.String(ArtworkSize500Setting),0) + Skin.HasSetting(Enable.500Titles) + [Container.Content(movies) | Container.Content(sets) | Container.Content(tvshows) | Container.Content(seasons) | [Container.Content(musicvideos) + Skin.HasSetting(show_musicvideoposter)]]" infoupdate="30">
					<control type="group">
						<depth>DepthContentPopout</depth>
						<!-- <top>39</top> -->
						<top>0</top>
						<include content="PosterLayout">
							<param name="focused" value="true" />
						</include>
						<include>WallTimer</include>
						<include>FocusBounce</include>
						<include>VideoTrailerControl</include>
					</control>
				</focusedlayout>

				<!-- SMALL LAYOUT -->
				<!-- W: 204 H: 306 -->
				<itemlayout width="237" height="339"  condition="String.IsEqual(Skin.String(ArtworkSize500Setting),1) + !Skin.HasSetting(Enable.500Titles) + [Container.Content(movies) | Container.Content(sets) | Container.Content(tvshows) | Container.Content(seasons) | [Container.Content(musicvideos) + Skin.HasSetting(show_musicvideoposter)]]">
					<control type="group">
						<include content="ViewUnfocusedAnimations">
							<param name="id" value="500"/>
						</include>
						<!-- <top>39</top> -->
						<top>0</top>
						<left>18</left>
						<include>SmallPosterLayout</include>
					</control>
				</itemlayout>
				<focusedlayout width="237" height="339"  condition="String.IsEqual(Skin.String(ArtworkSize500Setting),1) + !Skin.HasSetting(Enable.500Titles) + [Container.Content(movies) | Container.Content(sets) | Container.Content(tvshows) | Container.Content(seasons) | [Container.Content(musicvideos) + Skin.HasSetting(show_musicvideoposter)]]" infoupdate="30">
					<control type="group">
						<depth>DepthContentPopout</depth>
						<!-- <top>39</top> -->
						<top>0</top>
						<left>18</left>
						<include content="SmallPosterLayout">
							<param name="focused" value="true" />
						</include>
						<include>WallTimer</include>
						<include>FocusBounce</include>
						<include>VideoTrailerControl</include>
					</control>
				</focusedlayout>
				<itemlayout width="237" height="375"  condition="String.IsEqual(Skin.String(ArtworkSize500Setting),1) + Skin.HasSetting(Enable.500Titles) + [Container.Content(movies) | Container.Content(sets) | Container.Content(tvshows) | Container.Content(seasons) | [Container.Content(musicvideos) + Skin.HasSetting(show_musicvideoposter)]]">
					<control type="group">
						<include content="ViewUnfocusedAnimations">
							<param name="id" value="500"/>
						</include>
						<!-- <top>39</top> -->
						<top>0</top>
						<left>18</left>
						<include>SmallPosterLayout</include>
					</control>
				</itemlayout>
				<focusedlayout width="237" height="375"  condition="String.IsEqual(Skin.String(ArtworkSize500Setting),1) + Skin.HasSetting(Enable.500Titles) + [Container.Content(movies) | Container.Content(sets) | Container.Content(tvshows) | Container.Content(seasons) | [Container.Content(musicvideos) + Skin.HasSetting(show_musicvideoposter)]]" infoupdate="30">
					<control type="group">
						<depth>DepthContentPopout</depth>
						<!-- <top>39</top> -->
						<top>0</top>
						<left>18</left>
						<include content="SmallPosterLayout">
							<param name="focused" value="true" />
						</include>
						<include>WallTimer</include>
						<include>FocusBounce</include>
						<include>VideoTrailerControl</include>
					</control>
				</focusedlayout>
				<!-- <itemlayout height="301" width="300" condition="Container.Content(episodes) | Container.Content(videos) | [Container.Content(musicvideos) + !Skin.HasSetting(show_musicvideoposter)]">
					<control type="group">
						<top>110</top>
						<include content="FlixEpisodeLayout">
							<param name="label" value="$INFO[ListItem.Label]" />
							<param name="thumb_label" value="$INFO[ListItem.Label2]" />
						</include>
					</control>
				</itemlayout>
				<focusedlayout height="301" width="300" condition="Container.Content(episodes) | Container.Content(videos) | [Container.Content(musicvideos) + !Skin.HasSetting(show_musicvideoposter)]">
					<control type="group">
						<depth>DepthContentPopout</depth>
						<top>110</top>
						<include content="FlixEpisodeLayout">
							<param name="focused" value="true" />
							<param name="thumb_label" value="$INFO[ListItem.Label2]" />
						</include>
					</control>
				</focusedlayout> -->
				<itemlayout height="425" width="442" condition="Container.Content(images)">
					<control type="group">
						<left>40</left>
						<top>150</top>
						<include>PosterInfoPictureLayout</include>
					</control>
				</itemlayout>
				<focusedlayout height="425" width="442" condition="Container.Content(images)">
					<control type="group">
						<depth>DepthContentPopout</depth>
						<left>40</left>
						<top>150</top>
						<include content="PosterInfoPictureLayout">
							<param name="focused" value="true" />
						</include>
					</control>
				</focusedlayout>
				<!-- <itemlayout height="401" width="300" condition="Container.Content(artists) | Container.Content(albums)">
					<control type="group">
						<top>150</top>
						<include content="SquareLayout">
							<param name="fallback_image" value="DefaultMusicSongs.png" />
						</include>
					</control>
				</itemlayout>
				<focusedlayout height="401" width="300" condition="Container.Content(artists) | Container.Content(albums)">
					<control type="group">
						<depth>DepthContentPopout</depth>
						<top>150</top>
						<include content="SquareLayout">
							<param name="fallback_image" value="DefaultMusicSongs.png" />
							<param name="focused" value="true" />
						</include>
					</control>
				</focusedlayout> -->
				<!-- <itemlayout height="401" width="300" condition="Container.Content(addons)">
					<control type="group">
						<top>150</top>
						<include content="SquareLayout">
							<param name="fallback_image" value="DefaultAddon.png" />
						</include>
					</control>
				</itemlayout>
				<focusedlayout height="401" width="300" condition="Container.Content(addons)">
					<control type="group">
						<depth>DepthContentPopout</depth>
						<top>150</top>
						<include content="SquareLayout">
							<param name="fallback_image" value="DefaultAddon.png" />
							<param name="focused" value="true" />
						</include>
					</control>
				</focusedlayout> -->
			</control>
			<include content="TopBottomBars">
				<param name="top_visible" value="!Skin.HasSetting(Enable.500Dim)"/>
				<param name="bottom_visible" value="!Skin.HasSetting(Enable.500Dim) | !Skin.HasSetting(Enable.500Info)"/>
			</include>
			<control type="label">
				<left>20</left>
				<right>video_header_right</right>
				<top>15</top>
				<label>$VAR[LeftVideoHeader]</label>
				<font>font30_title_uppercase</font>
				<textcolor>$VAR[FocusColorTheme]</textcolor>
				<shadowcolor>text_shadow</shadowcolor>
				<align>left</align>
				<scroll>true</scroll>
				<scrollspeed>170</scrollspeed>
				<!-- <visible>!Window.IsVisible(busydialog)</visible> -->
				<animation effect="slide" end="15,0" condition="String.IsEqual(Skin.String(ArtworkSize500Setting),1)">Conditional</animation>
			</control>
			<control type="label">
				<right>12</right>
				<top>15</top>
				<width>1815</width>
				<label>$VAR[RightVideoHeader]</label>
				<font>font30_title_uppercase</font>
				<textcolor>$VAR[FocusColorTheme]</textcolor>
				<shadowcolor>text_shadow</shadowcolor>
				<align>right</align>
				<!-- <visible>!Window.IsVisible(busydialog)</visible> -->
				<animation effect="slide" end="-15,0" condition="String.IsEqual(Skin.String(ArtworkSize500Setting),1)">Conditional</animation>
			</control>
			<control type="image">
        <bottom>0</bottom>
        <width>100%</width>
        <height>350</height>
        <texture colordiffuse="black">overlays/bottombarinfo.png</texture>
        <visible>Skin.HasSetting(Enable.500Info)</visible>
        <animation effect="fade" start="0" end="100" time="300">VisibleChange</animation>
      </control>
		</control>
	</include>
</includes>
