<?xml version="1.0" encoding="UTF-8"?>
<addon id="skin.altus" version="0.6.0" name="Altus"
	provider-name="Ivar Brandt">
	<requires>
		<import addon="xbmc.gui" version="5.17.0" />
		<import addon="resource.images.weathericons.white" version="0.0.1" />
		<import addon="script.altus.helper" version="0.2.5"/>
	</requires>
	<extension defaultthemename="Textures.xbt" effectslowdown="1" point="xbmc.gui.skin" debugging="false">
		<!-- <res width="1920" height="1440" aspect="4:3" default="false" folder="xml" />
		<res width="1920" height="1280" aspect="3:2" default="false" folder="xml" />
		<res width="1920" height="1200" aspect="16:10" default="false" folder="xml" />
		<res width="2040" height="1080" aspect="17:9" default="false" folder="xml" /> -->
		<res width="1920" height="1080" aspect="16:9" default="true" folder="xml" />
		<!-- <res width="2560" height="1080" aspect="21:9" default="false" folder="xml" />
		<res width="2338" height="1080" aspect="19.5:9" default="false" folder="xml" />
		<res width="2160" height="1080" aspect="18:9" default="false" folder="xml" /> -->
	</extension>
	<extension point="xbmc.addon.metadata">
		<platform>all</platform>
		<license>CC BY-SA 4.0, GNU GENERAL PUBLIC LICENSE Version 2.0</license>
		<assets>
			<icon>resources/icon.jpg</icon>
			<!-- <fanart>resources/fanart.jpg</fanart> -->
		</assets>
		<summary lang="en_GB">Altus skin by Ivar Brandt</summary>
		<summary lang="en_NZ">Altus skin by Ivar Brandt</summary>
		<summary lang="en_US">Altus skin by Ivar Brandt</summary>
		<description lang="en_GB">Altus Skin</description>
		<description lang="en_NZ">Altus Skin</description>
		<description lang="en_US">Altus Skin</description>
	</extension>
</addon>