<?xml version="1.0" encoding="UTF-8"?>
<colors>
	<color name="primary_background">FF303232</color>
	<color name="dialog_tint">FF050505</color>
	<color name="dialog_bg">BF050505</color>
	<color name="dialog_bg2">F2050505</color>
	<color name="dialog_bg3">F7050505</color>
	<color name="button_focus">FFCCCCCC</color>
	<color name="button_focus2">FF040505</color>
	<color name="focused_text">FF141515</color>
	<!-- <color name="unfocused_text">FFC1C1C1</color> -->
	<color name="unfocused_text">FFE0E0E8</color>
	<!-- <color name="unfocused_text">FFCFCFCF</color> -->
	<color name="artwork_dim">FFE9E9E9</color>
	<!-- <color name="artwork_dim">FF0066cc</color> -->
	<color name="accent_color">FFCCCCCC</color>
	<color name="selected">FF1773CD</color>
	<color name="overlay_fade_color">CC000000</color>
	<color name="keyboard_selected">FF1773CD</color>
	<color name="primary_content_panel_bg">FF354CCF</color>
	<color name="background">FF000000</color>
	<color name="bg_image">FF909090</color>
	<color name="bg_overlay">4DFFFFFF</color>
	<color name="black">FF000000</color>
	<color name="white">FFF0F0F0</color>
	<color name="grey">FFA0A0A0</color>
	<color name="blue">FF7ACAFE</color>
	<color name="red">FFCE4421</color>
	<color name="text_shadow">22000000</color>
	<color name="border_alpha">60FFFFFF</color>
	<color name="disabled">40FFFFFF</color>
	<color name="invalid">FFFF0000</color>
  <color name="osd_light">fffafafa</color>
  <color name="osd_grey">b0a0a0a0</color>
  <color name="osd_dark">e0404040</color>
	<!-- <color name="player_cache">FF828282</color> -->
	<color name="player_cache">FF4c75d8</color>
</colors>